worm_index,timestamp,realSpeed,coord_x_midbody,coord_y_midbody,motion_mode,genotype,condition,rowNum,realTime,flag
30,106,NA,3242.64453125,4573.32275390625,-1,N2,off-food,1,0.1,ok
30,107,-0.27984466717694256,3201.3037109375,4560.44580078125,-1,N2,off-food,2,0.2,ok
30,108,-0.24015853112023156,3167.15380859375,4559.3759765625,-1,N2,off-food,3,0.3,ok
30,109,-0.19400452031315982,3131.966552734375,4567.16943359375,-1,N2,off-food,4,0.4,ok
30,110,-0.20388476480020057,3104.298828125,4578.716796875,-1,N2,off-food,5,0.5,ok
30,111,-0.2049932015908731,3090.197265625,4586.7734375,-1,N2,off-food,6,0.6,ok
30,112,-0.2576093667520059,3054.25146484375,4601.86328125,-1,N2,off-food,7,0.7,ok
30,113,-0.24546887234524561,3029.160400390625,4611.44677734375,-1,N2,off-food,8,0.8,ok
30,114,-0.21505227179999822,2999.234130859375,4617.2421875,-1,N2,off-food,9,0.9,ok
30,115,-0.17449855563876865,2970.33544921875,4619.63427734375,-1,N2,off-food,10,1,ok
30,116,-0.13893430513949007,2954.616455078125,4618.490234375,-1,N2,off-food,11,1.1,ok
30,117,-0.15716070116747605,2938.588134765625,4617.1591796875,-1,N2,off-food,12,1.2,ok
30,118,-0.12206836336153047,2921.343505859375,4613.05029296875,-1,N2,off-food,13,1.3,ok
30,119,-0.08493509082966022,2898.222412109375,4601.93798828125,-1,N2,off-food,14,1.4,ok
30,120,-0.07580533833546681,2894.019287109375,4592.3994140625,-1,N2,off-food,15,1.5,ok
30,121,-0.12468641140224697,2890.26904296875,4591.142578125,-1,N2,off-food,16,1.6,ok
30,122,-0.19825094783198724,2871.763427734375,4573.4443359375,-1,N2,off-food,17,1.7,ok
30,123,-0.2282037295779666,2849.286865234375,4561.96484375,-1,N2,off-food,18,1.8,ok
30,124,-0.23231796127181867,2817.750732421875,4551.8115234375,-1,N2,off-food,19,1.9,ok
30,125,-0.23801531597515482,2789.713134765625,4548.7666015625,-1,N2,off-food,20,2,ok
30,126,-0.23618588256835937,2767.2080078125,4551.8330078125,-1,N2,off-food,21,2.1,ok
30,127,-0.24799883428350222,2736.68505859375,4563.41015625,-1,N2,off-food,22,2.2,ok
30,128,-0.22660212528812992,2710.39599609375,4576.259765625,-1,N2,off-food,23,2.3,ok
30,129,-0.197338497952298,2685.82568359375,4596.78271484375,-1,N2,off-food,24,2.4,ok
30,130,-0.17345405661093222,2664.644775390625,4615.22509765625,-1,N2,off-food,25,2.5,ok
30,131,-0.16274603477684227,2651.686767578125,4628.80615234375,-1,N2,off-food,26,2.6,ok
30,132,-0.18767838871586429,2637.192138671875,4647.66943359375,-1,N2,off-food,27,2.7,ok
30,133,-0.20011877056499858,2621.37841796875,4667.07958984375,-1,N2,off-food,28,2.8,ok
30,134,-0.19642386125444292,2601.6123046875,4689.08251953125,-1,N2,off-food,29,2.9,ok
30,135,-0.16039172500747817,2583.611328125,4708.3544921875,-1,N2,off-food,30,3,ok
30,136,-0.1365715547853762,2568.21240234375,4723.841796875,-1,N2,off-food,31,3.1,ok
30,137,-0.11331183672380876,2555.315673828125,4735.712890625,-1,N2,off-food,32,3.2,ok
30,138,-0.10155383548221072,2542.7177734375,4748.08154296875,-1,N2,off-food,33,3.3,ok
30,139,-0.09875024125382706,2531.244140625,4752.9609375,-1,N2,off-food,34,3.4,ok
30,140,-0.11814057125057185,2522.835693359375,4757.0576171875,-1,N2,off-food,35,3.5,ok
30,141,-0.13597852703472516,2509.765380859375,4762.0302734375,-1,N2,off-food,36,3.6,ok
30,142,-0.147589998124956,2491.783447265625,4761.89404296875,-1,N2,off-food,37,3.7,ok
30,143,-0.15022914096041842,2477.83642578125,4763.27978515625,-1,N2,off-food,38,3.8,ok
30,144,-0.1680183467005824,2460.4326171875,4760.34130859375,-1,N2,off-food,39,3.9,ok
30,145,-0.16269865816133516,2439.531494140625,4759.6220703125,-1,N2,off-food,40,4,ok
30,146,-0.15606287844546204,2416.8671875,4750.9912109375,-1,N2,off-food,41,4.1,ok
30,147,-0.13570666820079355,2400.4345703125,4746.46142578125,-1,N2,off-food,42,4.2,ok
30,148,-0.12148625636745143,2382.355224609375,4739.6728515625,-1,N2,off-food,43,4.3,ok
30,149,-0.11158023676141962,2366.46826171875,4728.2880859375,-1,N2,off-food,44,4.4,ok
30,150,-0.11656768895054721,2355.996337890625,4722.01904296875,-1,N2,off-food,45,4.5,ok
30,151,-0.16255347476993595,2340.98974609375,4713.30078125,-1,N2,off-food,46,4.6,ok
30,152,-0.1927112307161898,2326.204345703125,4703.8701171875,-1,N2,off-food,47,4.7,ok
30,153,-0.2124028215837908,2299.85302734375,4692.77734375,-1,N2,off-food,48,4.8,ok
30,154,-0.2247681582339175,2276.91552734375,4685.9736328125,-1,N2,off-food,49,4.9,ok
30,155,-0.22811817698435738,2255.246337890625,4681.11474609375,-1,N2,off-food,50,5,ok
30,156,-0.2467033311998522,2225.422607421875,4680.36083984375,-1,N2,off-food,51,5.1,ok
30,157,-0.21815256658330692,2200.2529296875,4681.48193359375,-1,N2,off-food,52,5.2,ok
30,158,-0.19453257022892032,2170.938232421875,4687.37646484375,-1,N2,off-food,53,5.3,ok
30,159,-0.15508377061448655,2147.918701171875,4693.591796875,-1,N2,off-food,54,5.4,ok
30,160,-0.12829923502604165,2129.53369140625,4698.72705078125,-1,N2,off-food,55,5.5,ok
30,161,-0.14431951821816932,2113.637939453125,4706.73388671875,-1,N2,off-food,56,5.6,ok
30,162,-0.13669756351505313,2101.8369140625,4714.11474609375,-1,N2,off-food,57,5.7,ok
30,163,-0.15326884487942533,2076.534912109375,4723.97509765625,-1,N2,off-food,58,5.8,ok
30,164,-0.14713656671197564,2062.95166015625,4731.98095703125,-1,N2,off-food,59,5.9,ok
30,165,-0.16688212131809543,2043.873779296875,4739.99169921875,-1,N2,off-food,60,6,ok
30,166,-0.16526702276006475,2020.44775390625,4747.9697265625,-1,N2,off-food,61,6.1,ok
30,167,-0.15220074421650653,1998.010009765625,4753.36376953125,-1,N2,off-food,62,6.2,ok
30,168,-0.12079334169679933,1977.9105224609375,4758.22021484375,-1,N2,off-food,63,6.3,ok
30,169,-0.10214999678328229,1958.0189208984375,4761.60888671875,-1,N2,off-food,64,6.4,ok
30,170,-0.06895005007907076,1946.72265625,4761.21044921875,-1,N2,off-food,65,6.5,ok
30,171,-0.04771435223828564,1933.681640625,4759.1220703125,-1,N2,off-food,66,6.6,ok
30,172,-0.03350541453318553,1927.8575439453125,4761.14404296875,-1,N2,off-food,67,6.7,ok
30,173,-0.05874655653120161,1924.7877197265625,4760.359375,-1,N2,off-food,68,6.8,ok
30,174,-0.07048620316788956,1920.5689697265625,4756.3291015625,-1,N2,off-food,69,6.9,ok
30,175,-0.10185440297169727,1909.1190185546875,4751.94921875,-1,N2,off-food,70,7,ok
30,176,-0.09032114396653733,1902.833251953125,4750.4169921875,-1,N2,off-food,71,7.1,ok
30,177,-0.09745161795401358,1889.1123046875,4742.4599609375,-1,N2,off-food,72,7.2,ok
30,178,-0.08546742770908114,1880.1671142578125,4739.47314453125,-1,N2,off-food,73,7.3,ok
30,179,-0.10544608513084618,1873.288818359375,4732.79248046875,-1,N2,off-food,74,7.4,ok
30,180,-0.13204736135671805,1863.3758544921875,4720.640625,-1,N2,off-food,75,7.5,ok
30,181,-0.1433855601817638,1853.356201171875,4705.9013671875,-1,N2,off-food,76,7.6,ok
30,182,-0.13744897557164096,1843.729248046875,4685.59130859375,-1,N2,off-food,77,7.7,ok
30,183,-0.11820170881941511,1836.2283935546875,4666.66552734375,-1,N2,off-food,78,7.8,ok
30,184,-0.09654210161088822,1833.43798828125,4648.30712890625,-1,N2,off-food,79,7.9,ok
30,185,-0.09474029678482193,1832.56884765625,4632.294921875,-1,N2,off-food,80,8,ok
30,186,-0.12161486527726456,1830.7596435546875,4621.35205078125,-1,N2,off-food,81,8.1,ok
30,187,-0.15110925526661914,1827.953125,4605.2705078125,-1,N2,off-food,82,8.2,ok
30,188,-0.1616583994272593,1824.247314453125,4581.84765625,-1,N2,off-food,83,8.3,ok
30,189,-0.17092522808452984,1821.8773193359375,4559.52197265625,-1,N2,off-food,84,8.4,ok
30,190,-0.19484327175380947,1817.030517578125,4541.08740234375,-1,N2,off-food,85,8.5,ok
30,191,-0.23716784393035611,1806.9949951171875,4520.59912109375,-1,N2,off-food,86,8.6,ok
30,192,-0.24492598140132318,1793.3363037109375,4498.46923828125,-1,N2,off-food,87,8.7,ok
30,193,-0.2294245341532939,1771.613037109375,4475.59619140625,-1,N2,off-food,88,8.8,ok
30,194,-0.2092268948941617,1750.787841796875,4460.00927734375,-1,N2,off-food,89,8.9,ok
30,195,-0.18457561376073336,1731.738037109375,4445.7763671875,-1,N2,off-food,90,9,ok
30,196,-0.16485724770485816,1707.684326171875,4432.66162109375,-1,N2,off-food,91,9.1,ok
30,197,-0.1499278800895622,1689.7420654296875,4424.41796875,-1,N2,off-food,92,9.2,ok
30,198,-0.1485369570620425,1673.909423828125,4417.41748046875,-1,N2,off-food,93,9.3,ok
30,199,-0.180261088190852,1653.3541259765625,4408.1240234375,-1,N2,off-food,94,9.4,ok
30,200,-0.18202542375444292,1634.0123291015625,4399.69580078125,-1,N2,off-food,95,9.5,ok
30,201,-0.2020734926515871,1607.1702880859375,4385.8125,-1,N2,off-food,96,9.6,ok
30,202,-0.16862581545168215,1587.6444091796875,4373.79541015625,-1,N2,off-food,97,9.7,ok
30,203,-0.14605789198316968,1564.173828125,4357.0771484375,-1,N2,off-food,98,9.8,ok
30,204,-0.116766809411951,1549.2694091796875,4345.5712890625,-1,N2,off-food,99,9.9,ok
30,205,-0.07531567107879364,1537.3892822265625,4334.1533203125,-1,N2,off-food,100,10,ok
30,206,-0.049729271828591284,1524.22705078125,4320.45263671875,-1,N2,off-food,101,10.1,ok
30,207,-0.009770144359485523,1525.0340576171875,4317.55322265625,-1,N2,off-food,102,10.2,ok
30,208,-0.01638897540118243,1522.2576904296875,4313.943359375,-1,N2,off-food,103,10.3,ok
30,209,-0.016611737500439892,1524.93212890625,4314.3583984375,-1,N2,off-food,104,10.4,ok
30,210,-0.0451312499518867,1519.9754638671875,4309.107421875,-1,N2,off-food,105,10.5,ok
30,211,-0.052404540500125364,1518.5455322265625,4308.1376953125,-1,N2,off-food,106,10.6,ok
30,212,-0.059859553637805284,1510.4925537109375,4301.9521484375,-1,N2,off-food,107,10.7,ok
30,213,-0.04970261664863105,1507.2232666015625,4294.7421875,-1,N2,off-food,108,10.8,ok
30,214,-0.0699395052935626,1500.37890625,4290.615234375,-1,N2,off-food,109,10.9,ok
30,215,-0.10220483391564171,1498.880126953125,4283.23779296875,-1,N2,off-food,110,11,ok
30,216,-0.12828247386485606,1496.5780029296875,4264.4931640625,-1,N2,off-food,111,11.1,ok
30,217,-0.11236250428895692,1496.52978515625,4243.48388671875,-1,N2,off-food,112,11.2,ok
30,218,-0.11949605182269671,1501.441162109375,4224.27294921875,-1,N2,off-food,113,11.3,ok
30,219,-0.11493330905673739,1508.1561279296875,4212.583984375,-1,N2,off-food,114,11.4,ok
30,220,-0.14960205751711184,1523.9061279296875,4193.11962890625,-1,N2,off-food,115,11.5,ok
30,221,-0.13053476323308172,1536.829833984375,4181.884765625,-1,N2,off-food,116,11.6,ok
30,222,-0.1341717218622431,1560.810546875,4165.90869140625,-1,N2,off-food,117,11.7,ok
30,223,-0.095847513490969,1573.8787841796875,4158.37255859375,-1,N2,off-food,118,11.8,ok
30,224,-0.12698951762431376,1593.850830078125,4151.1728515625,-1,N2,off-food,119,11.9,ok
30,225,-0.1403883125373909,1604.9554443359375,4149.017578125,-1,N2,off-food,120,12,ok
30,226,-0.17908384663349872,1631.71533203125,4139.28369140625,-1,N2,off-food,121,12.1,ok
30,227,-0.1732704305562887,1654.7274169921875,4131.4892578125,-1,N2,off-food,122,12.2,ok
30,228,-0.17490203692461992,1679.0980224609375,4122.2509765625,-1,N2,off-food,123,12.3,ok
30,229,-0.15985747466216216,1702.4036865234375,4113.4677734375,-1,N2,off-food,124,12.4,ok
30,230,-0.16557287061536632,1721.6114501953125,4100.96044921875,-1,N2,off-food,125,12.5,ok
30,231,-0.13667078832677892,1738.1842041015625,4092.86572265625,-1,N2,off-food,126,12.6,ok
30,232,-0.13621368999309366,1760.5172119140625,4074.664794921875,-1,N2,off-food,127,12.7,ok
30,233,-0.08555988078074411,1768.6005859375,4065.375,-1,N2,off-food,128,12.8,ok
30,234,-0.09384059445492855,1784.81201171875,4050.54248046875,-1,N2,off-food,129,12.9,ok
30,235,-0.08006504010724591,1787.1038818359375,4041.947265625,-1,N2,off-food,130,13,ok
30,236,-0.09955882393776833,1796.072509765625,4024.072265625,-1,N2,off-food,131,13.1,ok
30,237,-0.1050084081426397,1799.161865234375,4009.986083984375,-1,N2,off-food,132,13.2,ok
30,238,-0.1168010917869774,1796.4937744140625,3991.065673828125,-1,N2,off-food,133,13.3,ok
30,239,-0.1413265242018141,1791.0999755859375,3974.8857421875,-1,N2,off-food,134,13.4,ok
30,240,-0.1511210427499032,1781.429931640625,3960.899169921875,-1,N2,off-food,135,13.5,ok
30,241,-0.17628181251319677,1765.88671875,3939.39404296875,-1,N2,off-food,136,13.6,ok
30,242,-0.18102346100678313,1750.5625,3923.20361328125,-1,N2,off-food,137,13.7,ok
30,243,-0.2044231354309632,1729.7442626953125,3903.612060546875,-1,N2,off-food,138,13.8,ok
30,244,-0.19334516796765025,1706.1417236328125,3886.55859375,-1,N2,off-food,139,13.9,ok
30,245,-0.18976910689070417,1679.8597412109375,3868.418701171875,-1,N2,off-food,140,14,ok
30,246,-0.19134992307370846,1661.136474609375,3856.78076171875,-1,N2,off-food,141,14.1,ok
30,247,-0.19122115415281002,1639.17041015625,3844.1142578125,-1,N2,off-food,142,14.2,ok
30,248,-0.18625665022016644,1613.86865234375,3826.796875,-1,N2,off-food,143,14.3,ok
30,249,-0.15381685617807747,1597.3787841796875,3814.453857421875,-1,N2,off-food,144,14.4,ok
30,250,-0.14200833143629468,1578.1666259765625,3801.2568359375,-1,N2,off-food,145,14.5,ok
30,251,-0.10128410346228796,1565.621826171875,3790.379150390625,-1,N2,off-food,146,14.6,ok
30,252,-0.08820755754075608,1552.2996826171875,3778.26416015625,-1,N2,off-food,147,14.7,ok
30,253,-0.06964597829182942,1548.3045654296875,3772.622314453125,-1,N2,off-food,148,14.8,ok
30,254,-0.09015586584967536,1539.9666748046875,3763.4990234375,-1,N2,off-food,149,14.9,ok
30,255,-0.07659818659601984,1533.97314453125,3755.518310546875,-1,N2,off-food,150,15,ok
30,256,-0.04434857572950758,1525.2847900390625,3741.833251953125,-1,N2,off-food,151,15.1,ok
30,257,-0.00853271029876159,1521.921630859375,3735.6220703125,0,N2,off-food,152,15.2,ok
30,258,0.028632646955885327,1524.50830078125,3737.551513671875,0,N2,off-food,153,15.3,ok
30,259,0.02677134967494655,1524.999267578125,3737.06689453125,0,N2,off-food,154,15.4,ok
30,260,0.010428863327782433,1528.2613525390625,3740.987548828125,0,N2,off-food,155,15.5,ok
30,261,-0.02044623481475555,1533.5328369140625,3740.610595703125,-1,N2,off-food,156,15.6,ok
30,262,-0.04033365758260091,1531.3956298828125,3733.96484375,-1,N2,off-food,157,15.7,ok
30,263,-0.03584818016945779,1529.0450439453125,3730.311279296875,-1,N2,off-food,158,15.8,ok
30,264,-0.03345580442961272,1526.743408203125,3727.02587890625,-1,N2,off-food,159,15.9,ok
30,265,-0.04399002088941969,1524.6541748046875,3724.248046875,-1,N2,off-food,160,16,ok
30,266,-0.05802936017835462,1522.6923828125,3721.365234375,-1,N2,off-food,161,16.1,ok
30,267,-0.0566348769041869,1515.0557861328125,3715.95556640625,-1,N2,off-food,162,16.2,ok
30,268,-0.04624362701553482,1505.6883544921875,3711.420166015625,-1,N2,off-food,163,16.3,ok
30,269,-0.05187387706997158,1502.2791748046875,3706.5966796875,-1,N2,off-food,164,16.4,ok
30,270,-0.06486406700890343,1500.037109375,3702.7724609375,-1,N2,off-food,165,16.5,ok
30,271,-0.08070824466739689,1497.6505126953125,3691.50732421875,-1,N2,off-food,166,16.6,ok
30,272,-0.07922268841717693,1488.9791259765625,3677.608154296875,-1,N2,off-food,167,16.7,ok
30,273,-0.08374618846446544,1486.5687255859375,3664.706298828125,-1,N2,off-food,168,16.8,ok
30,274,-0.09404851552602407,1486.4256591796875,3653.458251953125,-1,N2,off-food,169,16.9,ok
30,275,-0.09966959827869862,1494.1953125,3639.682373046875,-1,N2,off-food,170,17,ok
30,276,-0.12214795554221212,1500.101318359375,3625.718505859375,-1,N2,off-food,171,17.1,ok
30,277,-0.13286132441340265,1507.11279296875,3615.3955078125,-1,N2,off-food,172,17.2,ok
30,278,-0.1376032662606454,1526.8394775390625,3597.7275390625,-1,N2,off-food,173,17.3,ok
30,279,-0.1186725547721794,1540.4967041015625,3585.01171875,-1,N2,off-food,174,17.4,ok
30,280,-0.12736199676238738,1553.1697998046875,3575.17236328125,-1,N2,off-food,175,17.5,ok
30,281,-0.12870354303583367,1569.1243896484375,3566.06494140625,-1,N2,off-food,176,17.6,ok
30,282,-0.13214467476509711,1589.962890625,3554.59033203125,-1,N2,off-food,177,17.7,ok
30,283,-0.13280598724640166,1603.456298828125,3547.220703125,-1,N2,off-food,178,17.8,ok
30,284,-0.13479185815759606,1622.43701171875,3539.5693359375,-1,N2,off-food,179,17.9,ok
30,285,-0.15491422553534978,1642.679931640625,3528.5185546875,-1,N2,off-food,180,18,ok
30,286,-0.15863130971547718,1655.61328125,3520.930419921875,-1,N2,off-food,181,18.1,ok
30,287,-0.15962692535675324,1681.6163330078125,3508.86376953125,-1,N2,off-food,182,18.2,ok
30,288,-0.15225070767789273,1701.7275390625,3494.6748046875,-1,N2,off-food,183,18.3,ok
30,289,-0.13565471793509817,1715.1732177734375,3485.88671875,-1,N2,off-food,184,18.4,ok
30,290,-0.12061803621859163,1733.24853515625,3468.304931640625,-1,N2,off-food,185,18.5,ok
30,291,-0.08733629051414696,1744.7686767578125,3453.192138671875,-1,N2,off-food,186,18.6,ok
30,292,-0.08294461959976333,1751.406982421875,3446.1201171875,-1,N2,off-food,187,18.7,ok
30,293,-0.0710226403313714,1757.523193359375,3435.953369140625,-1,N2,off-food,188,18.8,ok
30,294,-0.07615768274530633,1764.5496826171875,3416.62451171875,-1,N2,off-food,189,18.9,ok
30,295,-0.04372382578119501,1764.124755859375,3408.201904296875,-1,N2,off-food,190,19,ok
30,296,-0.06159376044745917,1769.0667724609375,3391.73193359375,-1,N2,off-food,191,19.1,ok
30,297,-0.06861276004550693,1765.6900634765625,3384.917236328125,-1,N2,off-food,192,19.2,ok
30,298,-0.06801855888023033,1760.9013671875,3366.92431640625,-1,N2,off-food,193,19.3,ok
30,299,-0.06502242464632602,1754.199462890625,3354.541748046875,-1,N2,off-food,194,19.4,ok
30,300,-0.06498444201495196,1747.5767822265625,3353.68994140625,-1,N2,off-food,195,19.5,ok
30,301,-0.08166531763850031,1739.877685546875,3344.80810546875,-1,N2,off-food,196,19.6,ok
30,302,-0.07209219442831503,1729.672119140625,3334.825439453125,-1,N2,off-food,197,19.7,ok
30,303,-0.046176732381184894,1717.131591796875,3327.869384765625,-1,N2,off-food,198,19.8,ok
30,304,-0.004106966607205502,1710.6597900390625,3324.25634765625,-1,N2,off-food,199,19.9,ok
30,305,0.026257950774184215,1711.090087890625,3323.7158203125,-1,N2,off-food,200,20,ok
30,306,NA,NA,NA,-1,N2,off-food,201,20.1,ok
30,307,NA,NA,NA,-1,N2,off-food,202,20.2,ok
30,308,NA,NA,NA,-1,N2,off-food,203,20.3,ok
30,309,NA,NA,NA,-1,N2,off-food,204,20.4,ok
30,310,NA,NA,NA,-1,N2,off-food,205,20.5,ok
30,311,NA,NA,NA,NaN,N2,off-food,206,20.6,ok
30,312,NA,NA,NA,NaN,N2,off-food,207,20.7,ok
30,313,NA,NA,NA,NaN,N2,off-food,208,20.8,ok
30,314,NA,NA,NA,NaN,N2,off-food,209,20.9,ok
30,315,NA,NA,NA,NaN,N2,off-food,210,21,ok
30,316,NA,NA,NA,NaN,N2,off-food,211,21.1,ok
30,317,NA,NA,NA,NaN,N2,off-food,212,21.2,ok
30,318,NA,NA,NA,NaN,N2,off-food,213,21.3,ok
30,319,NA,NA,NA,NaN,N2,off-food,214,21.4,ok
30,320,NA,NA,NA,NaN,N2,off-food,215,21.5,ok
30,321,NA,NA,NA,NaN,N2,off-food,216,21.6,ok
30,322,NA,NA,NA,NaN,N2,off-food,217,21.7,ok
30,323,NA,NA,NA,NaN,N2,off-food,218,21.8,ok
30,324,NA,NA,NA,NaN,N2,off-food,219,21.9,ok
30,325,NA,NA,NA,NaN,N2,off-food,220,22,ok
30,326,NA,NA,NA,NaN,N2,off-food,221,22.1,ok
30,327,NA,NA,NA,NaN,N2,off-food,222,22.2,ok
30,328,NA,NA,NA,NaN,N2,off-food,223,22.3,ok
30,329,NA,NA,NA,NaN,N2,off-food,224,22.4,ok
30,330,NA,NA,NA,NaN,N2,off-food,225,22.5,ok
30,331,NA,NA,NA,NaN,N2,off-food,226,22.6,ok
30,332,NA,NA,NA,NaN,N2,off-food,227,22.7,ok
30,333,NA,NA,NA,NaN,N2,off-food,228,22.8,ok
30,334,NA,NA,NA,NaN,N2,off-food,229,22.9,ok
30,335,NA,NA,NA,NaN,N2,off-food,230,23,ok
30,336,NA,NA,NA,NaN,N2,off-food,231,23.1,ok
30,337,NA,NA,NA,NaN,N2,off-food,232,23.2,ok
30,338,NA,NA,NA,NaN,N2,off-food,233,23.3,ok
30,339,NA,NA,NA,NaN,N2,off-food,234,23.4,ok
30,340,NA,NA,NA,NaN,N2,off-food,235,23.5,ok
30,341,NA,NA,NA,NaN,N2,off-food,236,23.6,ok
30,342,NA,NA,NA,NaN,N2,off-food,237,23.7,ok
30,343,NA,NA,NA,NaN,N2,off-food,238,23.8,ok
30,344,NA,NA,NA,NaN,N2,off-food,239,23.9,ok
30,345,NA,NA,NA,NaN,N2,off-food,240,24,ok
30,346,NA,NA,NA,NaN,N2,off-food,241,24.1,ok
30,347,NA,NA,NA,NaN,N2,off-food,242,24.2,ok
30,348,NA,NA,NA,NaN,N2,off-food,243,24.3,ok
30,349,NA,NA,NA,NaN,N2,off-food,244,24.4,ok
30,350,NA,NA,NA,NaN,N2,off-food,245,24.5,ok
30,351,NA,NA,NA,NaN,N2,off-food,246,24.6,ok
30,352,NA,NA,NA,NaN,N2,off-food,247,24.7,ok
30,353,NA,NA,NA,1,N2,off-food,248,24.8,ok
30,354,NA,NA,NA,1,N2,off-food,249,24.9,ok
30,355,NA,NA,NA,1,N2,off-food,250,25,ok
30,356,NA,NA,NA,1,N2,off-food,251,25.1,ok
30,357,NA,NA,NA,1,N2,off-food,252,25.2,ok
30,358,0.11336973406817462,1730.005859375,3598.11962890625,1,N2,off-food,253,25.3,ok
30,359,0.16018293720967058,1730.91552734375,3615.59326171875,1,N2,off-food,254,25.4,ok
30,360,0.15785880286414344,1738.4190673828125,3634.5302734375,1,N2,off-food,255,25.5,ok
30,361,0.15774883524576822,1747.4564208984375,3653.163818359375,1,N2,off-food,256,25.6,ok
30,362,0.15498103016346423,1753.7860107421875,3666.3427734375,1,N2,off-food,257,25.7,ok
30,363,0.15859757404499225,1767.1556396484375,3680.23046875,1,N2,off-food,258,25.8,ok
30,364,0.15394769190882776,1780.8140869140625,3694.251953125,1,N2,off-food,259,25.9,ok
30,365,0.14802230807467623,1795.42919921875,3702.35888671875,1,N2,off-food,260,26,ok
30,366,0.15425308639938765,1811.01025390625,3715.00830078125,1,N2,off-food,261,26.1,ok
30,367,0.15703209225766293,1829.23779296875,3725.4931640625,1,N2,off-food,262,26.2,ok
30,368,0.17643683658634218,1845.8931884765625,3737.58544921875,1,N2,off-food,263,26.3,ok
30,369,0.16849075276142841,1867.14990234375,3748.86962890625,1,N2,off-food,264,26.4,ok
30,370,0.1741360371907552,1894.7838134765625,3765.00830078125,1,N2,off-food,265,26.5,ok
30,371,0.16839938643171978,1909.3006591796875,3776.108154296875,1,N2,off-food,266,26.6,ok
30,372,0.15725173414075697,1932.13818359375,3796.522216796875,1,N2,off-food,267,26.7,ok
30,373,0.13788092549641925,1954.5157470703125,3824.1826171875,1,N2,off-food,268,26.8,ok
30,374,0.10710082643526093,1967.588623046875,3841.250244140625,1,N2,off-food,269,26.9,ok
30,375,0.10419139820820576,1973.341552734375,3862.03564453125,1,N2,off-food,270,27,ok
30,376,0.08964557049725506,1973.1171875,3883.92919921875,1,N2,off-food,271,27.1,ok
30,377,NA,1962.96923828125,3900.2392578125,1,N2,off-food,272,27.2,ok
30,378,NA,1950.6099853515625,3905.94580078125,1,N2,off-food,273,27.3,ok
113,433,NA,5578.70556640625,4256.87353515625,-1,N2,off-food,1,0.1,ok
113,434,-0.40696816741668423,5545.0380859375,4286.90087890625,-1,N2,off-food,2,0.2,ok
113,435,-0.4158416621577632,5511.6904296875,4325.27783203125,-1,N2,off-food,3,0.3,ok
113,436,-0.36690435186162723,5484.759765625,4366.72216796875,-1,N2,off-food,4,0.4,ok
113,437,-0.3165615575292089,5458.5849609375,4410.8115234375,-1,N2,off-food,5,0.5,ok
113,438,-0.2978520480319186,5437.7275390625,4441.17822265625,-1,N2,off-food,6,0.6,ok
113,439,-0.32695929120038003,5419.11279296875,4463.79443359375,-1,N2,off-food,7,0.7,ok
113,440,-0.3728664715741132,5391.1513671875,4490.85009765625,-1,N2,off-food,8,0.8,ok
113,441,-0.40143759760126335,5352.89208984375,4510.84423828125,-1,N2,off-food,9,0.9,ok
113,442,-0.391583661603498,5307.125,4519.02587890625,-1,N2,off-food,10,1,ok
113,443,-0.3591988580377252,5250.94189453125,4525.880859375,-1,N2,off-food,11,1.1,ok
113,444,-0.3341694973782376,5204.5546875,4531.28955078125,-1,N2,off-food,12,1.2,ok
113,445,-0.3291543499370953,5164.42822265625,4534.92333984375,-1,N2,off-food,13,1.3,ok
113,446,-0.3766337458979976,5120.197265625,4549.44873046875,-1,N2,off-food,14,1.4,ok
113,447,-0.36443564750052787,5085.19091796875,4571.46142578125,-1,N2,off-food,15,1.5,ok
113,448,-0.3767358596389358,5052.2265625,4610.91796875,-1,N2,off-food,16,1.6,ok
113,449,-0.33631249917520056,5034.76318359375,4645.7138671875,-1,N2,off-food,17,1.7,ok
113,450,-0.3545919255437077,5022.44189453125,4693.412109375,-1,N2,off-food,18,1.8,ok
113,451,-0.34523818419860286,5014.39794921875,4733.2734375,-1,N2,off-food,19,1.9,ok
113,452,-0.37133087185696434,5005.005859375,4784.10693359375,-1,N2,off-food,20,2,ok
113,453,-0.3885681460268862,4995.05078125,4832.27734375,-1,N2,off-food,21,2.1,ok
113,454,-0.3685902019878765,4973.3955078125,4875.0966796875,-1,N2,off-food,22,2.2,ok
113,455,-0.35885339410455375,4936.765625,4911.53759765625,-1,N2,off-food,23,2.3,ok
113,456,-0.3253625139116167,4905.57275390625,4927.62353515625,-1,N2,off-food,24,2.4,ok
113,457,-0.35889710379935597,4861.3662109375,4939.88623046875,-1,N2,off-food,25,2.5,ok
113,458,-0.35132708602767804,4816.333984375,4943.17529296875,-1,N2,off-food,26,2.6,ok
113,459,-0.3569060591964034,4760.72802734375,4948.705078125,-1,N2,off-food,27,2.7,ok
113,460,-0.35397753631316864,4715.0546875,4959.65283203125,-1,N2,off-food,28,2.8,ok
113,461,-0.3496053667498064,4669.94140625,4976.66796875,-1,N2,off-food,29,2.9,ok
113,462,-0.35908962380349096,4631.72705078125,5007.8095703125,-1,N2,off-food,30,3,ok
113,463,-0.32463787704330305,4610.2705078125,5043.3974609375,-1,N2,off-food,31,3.1,ok
113,464,-0.32925929054054054,4597.64208984375,5087.73046875,-1,N2,off-food,32,3.2,ok
113,465,-0.34054028540259007,4599.48828125,5126.58642578125,-1,N2,off-food,33,3.3,ok
113,466,-0.3610664540883657,4603.77587890625,5172.5439453125,-1,N2,off-food,34,3.4,ok
113,467,-0.3364787506928315,4609.36767578125,5227.98291015625,-1,N2,off-food,35,3.5,ok
113,468,-0.3369539836161845,4614.32080078125,5276.24267578125,-1,N2,off-food,36,3.6,ok
113,469,-0.3220523912584459,4611.751953125,5309.623046875,-1,N2,off-food,37,3.7,ok
113,470,-0.321012612557626,4596.6953125,5359.41650390625,-1,N2,off-food,38,3.8,ok
113,471,-0.2817122098905546,4575.4833984375,5390.4267578125,-1,N2,off-food,39,3.9,ok
113,472,-0.26221139223940737,4548.43310546875,5409.62548828125,-1,N2,off-food,40,4,ok
113,473,-0.25504649586720507,4517.951171875,5425.78466796875,-1,N2,off-food,41,4.1,ok
113,474,-0.23672741341805673,4486.8583984375,5438.2919921875,-1,N2,off-food,42,4.2,ok
113,475,-0.16290545915483354,4455.16845703125,5447.64208984375,-1,N2,off-food,43,4.3,ok
113,476,-0.04872231540164432,4426.36572265625,5457.4208984375,-1,N2,off-food,44,4.4,ok
113,477,0.11607529483829532,4422.70849609375,5457.859375,1,N2,off-food,45,4.5,ok
113,478,0.2534598526138443,4438.130859375,5454.90576171875,1,N2,off-food,46,4.6,ok
113,479,0.22677885753184823,4474.18408203125,5443.31298828125,1,N2,off-food,47,4.7,ok
113,480,0.1449078256418039,4525.3525390625,5421.7900390625,1,N2,off-food,48,4.8,ok
113,481,NA,NA,NA,1,N2,off-food,49,4.9,ok
113,482,NA,NA,NA,1,N2,off-food,50,5,ok
113,483,NA,NA,NA,1,N2,off-food,51,5.1,ok
113,484,NA,NA,NA,1,N2,off-food,52,5.2,ok
113,485,NA,NA,NA,1,N2,off-food,53,5.3,ok
113,486,NA,NA,NA,NaN,N2,off-food,54,5.4,ok
113,487,NA,NA,NA,1,N2,off-food,55,5.5,ok
113,488,NA,NA,NA,1,N2,off-food,56,5.6,ok
113,489,NA,NA,NA,1,N2,off-food,57,5.7,ok
113,490,NA,NA,NA,1,N2,off-food,58,5.8,ok
113,491,NA,NA,NA,1,N2,off-food,59,5.9,ok
113,492,0.19801249131211288,4460.5498046875,5302.8291015625,1,N2,off-food,60,6,ok
113,493,0.31494973919842695,4423.17529296875,5337.60205078125,1,N2,off-food,61,6.1,ok
113,494,0.3083369877445805,4400.30419921875,5363.017578125,1,N2,off-food,62,6.2,ok
113,495,0.3716308126363668,4368.361328125,5396.34423828125,1,N2,off-food,63,6.3,ok
113,496,0.3788415521845087,4336.90185546875,5422.89453125,1,N2,off-food,64,6.4,ok
113,497,0.36429995810019,4297.5712890625,5462.66357421875,1,N2,off-food,65,6.5,ok
113,498,0.29090535344304264,4263.109375,5500.119140625,1,N2,off-food,66,6.6,ok
113,499,0.25253160163948124,4238.931640625,5529.46044921875,1,N2,off-food,67,6.7,ok
113,500,0.242586752676749,4224.7265625,5555.09814453125,1,N2,off-food,68,6.8,ok
113,501,0.2614879021172051,4215.37744140625,5586.220703125,1,N2,off-food,69,6.9,ok
113,502,0.2605535707216005,4213.19580078125,5614.91162109375,1,N2,off-food,70,7,ok
113,503,0.2865006749608495,4218.26220703125,5648.4619140625,1,N2,off-food,71,7.1,ok
113,504,0.2923594541807432,4231.73046875,5678.748046875,1,N2,off-food,72,7.2,ok
113,505,0.29878264583553277,4248.9521484375,5717.81103515625,1,N2,off-food,73,7.3,ok
113,506,0.31230158240515904,4267.2958984375,5751.5048828125,1,N2,off-food,74,7.4,ok
113,507,0.31711210233671167,4285.12841796875,5783.4404296875,1,N2,off-food,75,7.5,ok
113,508,0.34546862682995494,4308.162109375,5826.0615234375,1,N2,off-food,76,7.6,ok
113,509,0.3162903120711043,4322.0673828125,5861.4658203125,1,N2,off-food,77,7.7,ok
113,510,0.3347191621247712,4327.38427734375,5903.16845703125,1,N2,off-food,78,7.8,ok
113,511,0.31833426700626405,4324.97509765625,5934.1259765625,1,N2,off-food,79,7.9,ok
113,512,0.3143048945246516,4315.041015625,5975.04638671875,1,N2,off-food,80,8,ok
113,513,0.28755408127243454,4302.2919921875,6010.73046875,1,N2,off-food,81,8.1,ok
113,514,0.2799033645767349,4290.6376953125,6040.7705078125,1,N2,off-food,82,8.2,ok
113,515,0.28573350181235924,4275.59375,6072.63330078125,1,N2,off-food,83,8.3,ok
113,516,0.2952501077737894,4264.3974609375,6104.61767578125,1,N2,off-food,84,8.4,ok
113,517,0.2807085136894707,4254.3486328125,6136.779296875,1,N2,off-food,85,8.5,ok
113,518,0.2606149083043004,4244.40478515625,6172.265625,1,N2,off-food,86,8.6,ok
113,519,0.26186504824526674,4238.95751953125,6199.95751953125,1,N2,off-food,87,8.7,ok
113,520,0.277475089683189,4233.9482421875,6225.96728515625,1,N2,off-food,88,8.8,ok
113,521,NA,4229.767578125,6264.86328125,1,N2,off-food,89,8.9,ok
113,522,NA,4226.45751953125,6301.3173828125,1,N2,off-food,90,9,ok
148,558,NA,9362.6396484375,9390.3232421875,NA,N2,off-food,1,0.1,reversed
148,559,-0.28156299955350855,9374.763671875,9414.2177734375,NA,N2,off-food,2,0.2,reversed
148,560,-0.2999756351505314,9380.140625,9453.8720703125,NA,N2,off-food,3,0.3,reversed
148,561,-0.27182981858811933,9383.244140625,9489.2548828125,NA,N2,off-food,4,0.4,reversed
148,562,-0.23878622271563554,9383.1962890625,9524.470703125,NA,N2,off-food,5,0.5,reversed
148,563,-0.26378438121348885,9385.646484375,9555.353515625,NA,N2,off-food,6,0.6,reversed
148,564,-0.2887190419789907,9382.30859375,9580.0986328125,NA,N2,off-food,7,0.7,reversed
148,565,-0.33951856128589525,9391.2724609375,9621.8154296875,NA,N2,off-food,8,0.8,reversed
148,566,-0.32346670257293425,9410.306640625,9653.9404296875,NA,N2,off-food,9,0.9,reversed
148,567,-0.30148333960180884,9439.8369140625,9680.609375,NA,N2,off-food,10,1,reversed
148,568,-0.25387484136358035,9471.14453125,9702.2529296875,NA,N2,off-food,11,1.1,reversed
148,569,-0.22561128331089877,9509.263671875,9718.2255859375,NA,N2,off-food,12,1.2,reversed
148,570,-0.22910877894496057,9532.146484375,9732.6572265625,NA,N2,off-food,13,1.3,reversed
148,571,-0.23845470641539976,9562.970703125,9749.5927734375,NA,N2,off-food,14,1.4,reversed
148,572,-0.27754802806957346,9598.5458984375,9772.1689453125,NA,N2,off-food,15,1.5,reversed
148,573,-0.2729478960466814,9619.1376953125,9795.345703125,NA,N2,off-food,16,1.6,reversed
148,574,-0.29457475431974944,9625.9765625,9839.3134765625,NA,N2,off-food,17,1.7,reversed
148,575,-0.2605196217030018,9622.4013671875,9873.3076171875,NA,N2,off-food,18,1.8,reversed
148,576,-0.2618157914995073,9601.9189453125,9909.849609375,NA,N2,off-food,19,1.9,reversed
148,577,-0.27295314974398227,9579.4658203125,9939.62109375,NA,N2,off-food,20,2,reversed
148,578,-0.2819646807146502,9552.0712890625,9969.7392578125,NA,N2,off-food,21,2.1,reversed
148,579,-0.27244647464236693,9521.3984375,10009.8876953125,NA,N2,off-food,22,2.2,reversed
148,580,-0.25686928881396043,9502.654296875,10041.94140625,NA,N2,off-food,23,2.3,reversed
148,581,-0.25589484797297296,9491.1708984375,10069.1240234375,NA,N2,off-food,24,2.4,reversed
148,582,-0.2776511285455377,9485.5341796875,10100.4599609375,NA,N2,off-food,25,2.5,reversed
148,583,-0.2665370519139745,9486.1806640625,10132.6005859375,NA,N2,off-food,26,2.6,reversed
148,584,-0.27011980678798914,9498.3427734375,10163.259765625,NA,N2,off-food,27,2.7,reversed
148,585,-0.22194557602341108,9518.845703125,10189.650390625,NA,N2,off-food,28,2.8,reversed
148,586,-0.20828986997862117,9544.482421875,10220.267578125,NA,N2,off-food,29,2.9,reversed
148,587,-0.21047515470487577,9567.4130859375,10235.3017578125,NA,N2,off-food,30,3,reversed
148,588,-0.21188633246894353,9589.2783203125,10258.240234375,NA,N2,off-food,31,3.1,reversed
148,589,-0.20426344436782973,9621.7607421875,10293.40625,NA,N2,off-food,32,3.2,reversed
148,590,-0.19145497035121056,9630.44921875,10312.0263671875,NA,N2,off-food,33,3.3,reversed
148,591,-0.21407133717579882,9642.962890625,10336.41796875,NA,N2,off-food,34,3.4,reversed
148,592,-0.21815638018084,9642.9609375,10371.96875,NA,N2,off-food,35,3.5,reversed
148,593,-0.2042473899222709,9633.02734375,10399.53125,NA,N2,off-food,36,3.6,reversed
148,594,-0.1355538709485853,9610.77734375,10418.0029296875,NA,N2,off-food,37,3.7,reversed
148,595,NA,9581.34375,10433.2373046875,NA,N2,off-food,38,3.8,reversed
148,596,NA,NA,NA,NA,N2,off-food,39,3.9,reversed
516,879,NA,6833.3330078125,5807.65966796875,-1,N2,off-food,1,0.1,ok
516,880,-0.22168305116945558,6831.587890625,5847.88037109375,-1,N2,off-food,2,0.2,ok
516,881,-0.21302994502986872,6831.4736328125,5859.80078125,-1,N2,off-food,3,0.3,ok
516,882,-0.27564565627639354,6832.80419921875,5893.78662109375,-1,N2,off-food,4,0.4,ok
516,883,-0.28841758109427784,6843.1826171875,5920.3798828125,-1,N2,off-food,5,0.5,ok
516,884,-0.300593277939805,6857.810546875,5946.392578125,-1,N2,off-food,6,0.6,ok
516,885,-0.27811329389692424,6889.0703125,5971.294921875,-1,N2,off-food,7,0.7,ok
516,886,-0.2698418408643018,6928.97802734375,5993.01513671875,-1,N2,off-food,8,0.8,ok
516,887,-0.24545879164687145,6959.32861328125,6010.9755859375,-1,N2,off-food,9,0.9,ok
516,888,-0.23433044736020198,6992.4716796875,6037.48779296875,-1,N2,off-food,10,1,ok
516,889,-0.22488045934728673,7011.26708984375,6060.5966796875,-1,N2,off-food,11,1.1,ok
516,890,-0.23335464642498943,7019.08447265625,6080.8779296875,-1,N2,off-food,12,1.2,ok
516,891,-0.23779516739029066,7020.4501953125,6112.22900390625,-1,N2,off-food,13,1.3,ok
516,892,-0.232576779202298,7005.06787109375,6144.5498046875,-1,N2,off-food,14,1.4,ok
516,893,-0.24126623452676307,6987.3671875,6172.11083984375,-1,N2,off-food,15,1.5,ok
516,894,-0.25219035133155615,6958.0439453125,6206.80126953125,-1,N2,off-food,16,1.6,ok
516,895,-0.2486483192787514,6934.94677734375,6247.28857421875,-1,N2,off-food,17,1.7,ok
516,896,-0.2036490551372906,6922.86572265625,6282.0869140625,-1,N2,off-food,18,1.8,ok
516,897,-0.18221510356181375,6920.3056640625,6316.64111328125,-1,N2,off-food,19,1.9,ok
516,898,-0.17595134961927258,6931.13525390625,6332.85302734375,-1,N2,off-food,20,2,ok
516,899,-0.20949792700415257,6952.25,6347.1376953125,-1,N2,off-food,21,2.1,ok
516,900,-0.2032823097297737,6984.1171875,6357.62158203125,-1,N2,off-food,22,2.2,ok
516,901,-0.20548202212221986,7022.97607421875,6365.1083984375,-1,N2,off-food,23,2.3,ok
516,902,-0.18843232094704568,7053.958984375,6366.7412109375,-1,N2,off-food,24,2.4,ok
516,903,-0.2059266662597656,7093.83984375,6370.12060546875,-1,N2,off-food,25,2.5,ok
516,904,-0.1842197757755314,7126.734375,6380.3984375,-1,N2,off-food,26,2.6,ok
516,905,-0.15923095125765413,7152.90771484375,6396.970703125,-1,N2,off-food,27,2.7,ok
516,906,-0.136069920032948,7166.18603515625,6409.97021484375,-1,N2,off-food,28,2.8,ok
516,907,-0.15394197151252814,7173.18359375,6421.6142578125,-1,N2,off-food,29,2.9,ok
516,908,-0.15242878668157903,7175.775390625,6440.82568359375,-1,N2,off-food,30,3,ok
516,909,-0.17580947312363632,7167.3369140625,6470.9677734375,-1,N2,off-food,31,3.1,ok
516,910,-0.18953930430369334,7160.3271484375,6490.6767578125,-1,N2,off-food,32,3.2,ok
516,911,-0.22510498156848252,7141.34228515625,6522.6650390625,-1,N2,off-food,33,3.3,ok
516,912,-0.21059405627551378,7110.65234375,6562.798828125,-1,N2,off-food,34,3.4,ok
516,913,-0.1815698988630965,7095.5673828125,6598.15087890625,-1,N2,off-food,35,3.5,ok
516,914,-0.14467660962353954,7090.90185546875,6623.6640625,-1,N2,off-food,36,3.6,ok
516,915,-0.11444919551814998,7088.474609375,6649.68408203125,-1,N2,off-food,37,3.7,ok
516,916,-0.10581638411788252,7094.927734375,6667.19970703125,-1,N2,off-food,38,3.8,ok
516,917,-0.12656108794341214,7107.88134765625,6674.23193359375,-1,N2,off-food,39,3.9,ok
516,918,-0.1452418087796048,7122.42236328125,6684.30029296875,-1,N2,off-food,40,4,ok
516,919,-0.15535517608367644,7152.10546875,6689.51904296875,-1,N2,off-food,41,4.1,ok
516,920,-0.1440005227853586,7175.5029296875,6689.529296875,-1,N2,off-food,42,4.2,ok
516,921,-0.14179529001046945,7204.67822265625,6684.37646484375,-1,N2,off-food,43,4.3,ok
516,922,-0.15852888928662548,7227.06201171875,6683.4599609375,-1,N2,off-food,44,4.4,ok
516,923,-0.14895002567875493,7253.40771484375,6676.60107421875,-1,N2,off-food,45,4.5,ok
516,924,-0.14741843957299583,7291.40234375,6669.68505859375,-1,N2,off-food,46,4.6,ok
516,925,-0.12785331079981346,7311.125,6670.2177734375,-1,N2,off-food,47,4.7,ok
516,926,-0.11745320363087697,7333.953125,6673.7890625,-1,N2,off-food,48,4.8,ok
516,927,-0.08518908842619474,7355.4140625,6683.32470703125,-1,N2,off-food,49,4.9,ok
516,928,-0.04319598254641971,7366.65283203125,6688.6650390625,-1,N2,off-food,50,5,ok
516,929,-0.06847717731922597,7370.9287109375,6696.77734375,-1,N2,off-food,51,5.1,ok
516,930,-0.09842471203503307,7369.6298828125,6699.111328125,-1,N2,off-food,52,5.2,ok
516,931,-0.11110883743698531,7371.08251953125,6722.99169921875,-1,N2,off-food,53,5.3,ok
516,932,-0.10728172563432573,7367.16748046875,6741.72412109375,-1,N2,off-food,54,5.4,ok
516,933,-0.09981708182944907,7362.34912109375,6751.46044921875,-1,N2,off-food,55,5.5,ok
516,934,-0.11342372447520763,7354.791015625,6773.06201171875,-1,N2,off-food,56,5.6,ok
516,935,-0.11557468682366448,7343.9287109375,6790.1357421875,-1,N2,off-food,57,5.7,ok
516,936,-0.1148361289909294,7334.7607421875,6806.6865234375,-1,N2,off-food,58,5.8,ok
516,937,-0.12293769025373029,7321.45654296875,6827.52001953125,-1,N2,off-food,59,5.9,ok
516,938,-0.14566381134858,7311.60986328125,6842.22216796875,-1,N2,off-food,60,6,ok
516,939,-0.15249167103810352,7298.787109375,6864.361328125,-1,N2,off-food,61,6.1,ok
516,940,-0.1494679015563415,7284.92578125,6893.9638671875,-1,N2,off-food,62,6.2,ok
516,941,-0.11967833111737225,7279.08837890625,6910.36962890625,-1,N2,off-food,63,6.3,ok
516,942,-0.11053047070202526,7278.15625,6929.125,-1,N2,off-food,64,6.4,ok
516,943,-0.10231438817204655,7278.78369140625,6946.1923828125,-1,N2,off-food,65,6.5,ok
516,944,-0.1131301308021889,7286.87744140625,6957.52197265625,-1,N2,off-food,66,6.6,ok
516,945,-0.11572023024000562,7293.88623046875,6969.1650390625,-1,N2,off-food,67,6.7,ok
516,946,-0.14120602252032305,7313.34619140625,6979.41162109375,-1,N2,off-food,68,6.8,ok
516,947,-0.0759629625887484,7331.7724609375,6984.56005859375,-1,N2,off-food,69,6.9,ok
516,948,-0.04318521513380445,7356.90185546875,6991.4228515625,-1,N2,off-food,70,7,ok
516,949,-0.004903326361028997,7351.43994140625,6988.416015625,-1,N2,off-food,71,7.1,ok
516,950,-0.01884448551487278,7353.74609375,6989.47216796875,0,N2,off-food,72,7.2,ok
516,951,-0.017811455614931946,7361.25341796875,6991.5283203125,0,N2,off-food,73,7.3,ok
516,952,NA,NA,NA,0,N2,off-food,74,7.4,ok
516,953,NA,NA,NA,0,N2,off-food,75,7.5,ok
516,954,NA,NA,NA,0,N2,off-food,76,7.6,ok
516,955,NA,NA,NA,0,N2,off-food,77,7.7,ok
516,956,NA,NA,NA,0,N2,off-food,78,7.8,ok
516,957,NA,NA,NA,NaN,N2,off-food,79,7.9,ok
516,958,NA,NA,NA,NaN,N2,off-food,80,8,ok
516,959,NA,NA,NA,NaN,N2,off-food,81,8.1,ok
516,960,NA,NA,NA,NaN,N2,off-food,82,8.2,ok
516,961,NA,NA,NA,NaN,N2,off-food,83,8.3,ok
516,962,NA,NA,NA,NaN,N2,off-food,84,8.4,ok
516,963,NA,NA,NA,NaN,N2,off-food,85,8.5,ok
516,964,NA,NA,NA,NaN,N2,off-food,86,8.6,ok
516,965,NA,NA,NA,NaN,N2,off-food,87,8.7,ok
516,966,NA,NA,NA,NaN,N2,off-food,88,8.8,ok
516,967,NA,NA,NA,NaN,N2,off-food,89,8.9,ok
516,968,NA,NA,NA,NaN,N2,off-food,90,9,ok
516,969,NA,NA,NA,NaN,N2,off-food,91,9.1,ok
516,970,NA,NA,NA,NaN,N2,off-food,92,9.2,ok
516,971,NA,NA,NA,NaN,N2,off-food,93,9.3,ok
516,972,NA,NA,NA,NaN,N2,off-food,94,9.4,ok
516,973,NA,NA,NA,NaN,N2,off-food,95,9.5,ok
516,974,NA,NA,NA,NaN,N2,off-food,96,9.6,ok
516,975,NA,NA,NA,NaN,N2,off-food,97,9.7,ok
516,976,NA,NA,NA,NaN,N2,off-food,98,9.8,ok
516,977,NA,NA,NA,NaN,N2,off-food,99,9.9,ok
516,978,NA,NA,NA,NaN,N2,off-food,100,10,ok
516,979,NA,NA,NA,NaN,N2,off-food,101,10.1,ok
516,980,NA,NA,NA,NaN,N2,off-food,102,10.2,ok
516,981,NA,NA,NA,NaN,N2,off-food,103,10.3,ok
516,982,NA,NA,NA,NaN,N2,off-food,104,10.4,ok
516,983,NA,NA,NA,NaN,N2,off-food,105,10.5,ok
516,984,NA,NA,NA,NaN,N2,off-food,106,10.6,ok
516,985,NA,NA,NA,NaN,N2,off-food,107,10.7,ok
516,986,NA,NA,NA,NaN,N2,off-food,108,10.8,ok
516,987,NA,NA,NA,NaN,N2,off-food,109,10.9,ok
516,988,NA,NA,NA,NaN,N2,off-food,110,11,ok
516,989,NA,NA,NA,NaN,N2,off-food,111,11.1,ok
516,990,NA,NA,NA,NaN,N2,off-food,112,11.2,ok
516,991,NA,NA,NA,NaN,N2,off-food,113,11.3,ok
516,992,NA,NA,NA,NaN,N2,off-food,114,11.4,ok
516,993,NA,NA,NA,NaN,N2,off-food,115,11.5,ok
516,994,NA,NA,NA,1,N2,off-food,116,11.6,ok
516,995,NA,NA,NA,1,N2,off-food,117,11.7,ok
516,996,NA,NA,NA,1,N2,off-food,118,11.8,ok
516,997,NA,NA,NA,1,N2,off-food,119,11.9,ok
516,998,NA,NA,NA,1,N2,off-food,120,12,ok
516,999,0.09463389608022328,7430.369140625,6847.38818359375,1,N2,off-food,121,12.1,ok
516,1000,0.15515616229632953,7446.251953125,6844.66796875,1,N2,off-food,122,12.2,ok
516,1001,0.15554374914770727,7464.453125,6839.62646484375,1,N2,off-food,123,12.3,ok
516,1002,0.1504437558285825,7489.6923828125,6833.89892578125,1,N2,off-food,124,12.4,ok
516,1003,0.08769408196801537,7500.86279296875,6826.91357421875,1,N2,off-food,125,12.5,ok
516,1004,0.05269582734666429,7514.4306640625,6823.16455078125,1,N2,off-food,126,12.6,ok
516,1005,0.020722548957343573,7514.609375,6819.7060546875,1,N2,off-food,127,12.7,ok
516,1006,0.021957812867723067,7513.51611328125,6817.94775390625,1,N2,off-food,128,12.8,ok
516,1007,0.044755583926364105,7517.5380859375,6817.1630859375,1,N2,off-food,129,12.9,ok
516,1008,0.06363424180864213,7519.8564453125,6815.8505859375,1,N2,off-food,130,13,ok
516,1009,0.07465003829818588,7525.33544921875,6810.28271484375,1,N2,off-food,131,13.1,ok
516,1010,0.07292592552116325,7533.6416015625,6803.66845703125,1,N2,off-food,132,13.2,ok
516,1011,0.0861668028273024,7537.80615234375,6799.267578125,1,N2,off-food,133,13.3,ok
516,1012,0.12266805824073584,7542.97998046875,6793.3740234375,1,N2,off-food,134,13.4,ok
516,1013,0.11601258382711324,7553.802734375,6782.55615234375,1,N2,off-food,135,13.5,ok
516,1014,0.12536903202641117,7566.94091796875,6768.52880859375,1,N2,off-food,136,13.6,ok
516,1015,0.08988354698387352,7572.12060546875,6765.67578125,1,N2,off-food,137,13.7,ok
516,1016,0.11762034854373415,7584.75732421875,6751.0224609375,1,N2,off-food,138,13.8,ok
516,1017,0.09774314481718045,7588.8369140625,6745.29150390625,1,N2,off-food,139,13.9,ok
516,1018,0.10796374621692004,7600.126953125,6733.71826171875,1,N2,off-food,140,14,ok
516,1019,0.08097157624390748,7608.5576171875,6724.08740234375,1,N2,off-food,141,14.1,ok
516,1020,0.08937271826116888,7616.2470703125,6715.66552734375,1,N2,off-food,142,14.2,ok
516,1021,0.08841923220522768,7620.59521484375,6711.16015625,1,N2,off-food,143,14.3,ok
516,1022,0.11340098956683733,7631.44140625,6698.6552734375,1,N2,off-food,144,14.4,ok
516,1023,0.11571334976333755,7637.306640625,6688.55029296875,1,N2,off-food,145,14.5,ok
516,1024,0.09919613881154103,7648.3203125,6675.8974609375,1,N2,off-food,146,14.6,ok
516,1025,0.09929345888704866,7660.06884765625,6662.7822265625,1,N2,off-food,147,14.7,ok
516,1026,0.10302387732428472,7663.2138671875,6659.2275390625,1,N2,off-food,148,14.8,ok
516,1027,0.12784837712468328,7673.48681640625,6645.787109375,1,N2,off-food,149,14.9,ok
516,1028,0.12095176600550746,7684.58544921875,6632.2314453125,1,N2,off-food,150,15,ok
516,1029,0.1421338467984586,7691.88037109375,6621.73828125,1,N2,off-food,151,15.1,ok
516,1030,0.13070841526340793,7699.5498046875,6611.1748046875,1,N2,off-food,152,15.2,ok
516,1031,NA,7712.828125,6592.14208984375,1,N2,off-food,153,15.3,ok
516,1032,NA,7714.60302734375,6584.16748046875,1,N2,off-food,154,15.4,ok
700,1094,NA,4937.02587890625,7753.8955078125,-1,N2,off-food,1,0.1,ok
700,1095,-0.46223964986715227,4858.90478515625,7752.099609375,-1,N2,off-food,2,0.2,ok
700,1096,-0.39320396052180107,4801.931640625,7751.1474609375,-1,N2,off-food,3,0.3,ok
700,1097,-0.3665361396858284,4752.78271484375,7741.86767578125,-1,N2,off-food,4,0.4,ok
700,1098,-0.35312475723404063,4702.8544921875,7719.744140625,-1,N2,off-food,5,0.5,ok
700,1099,-0.3234538483490815,4672.38134765625,7686.359375,-1,N2,off-food,6,0.6,ok
700,1100,-0.3302318645855328,4654.513671875,7651.509765625,-1,N2,off-food,7,0.7,ok
700,1101,-0.33745111138971,4645.29931640625,7615.5244140625,-1,N2,off-food,8,0.8,ok
700,1102,-0.3662029699377111,4641.677734375,7564.3994140625,-1,N2,off-food,9,0.9,ok
700,1103,-0.34893100003079247,4634.28125,7514.5,-1,N2,off-food,10,1,ok
700,1104,-0.32818017578124997,4621.0224609375,7460.251953125,-1,N2,off-food,11,1.1,ok
700,1105,-0.30759168277774845,4603.79150390625,7418.93505859375,-1,N2,off-food,12,1.2,ok
700,1106,-0.299853866714615,4580.28515625,7387.9794921875,-1,N2,off-food,13,1.3,ok
700,1107,-0.30192211666622676,4545.17578125,7369.81005859375,-1,N2,off-food,14,1.4,ok
700,1108,-0.28614609039581573,4509.978515625,7362.91796875,-1,N2,off-food,15,1.5,ok
700,1109,-0.29523880032376126,4469.52001953125,7367.59716796875,-1,N2,off-food,16,1.6,ok
700,1110,-0.3005505016430004,4430.30859375,7373.24853515625,-1,N2,off-food,17,1.7,ok
700,1111,-0.3084537158313098,4383.96240234375,7382.76123046875,-1,N2,off-food,18,1.8,ok
700,1112,-0.2945985693029455,4337.70263671875,7390.07373046875,-1,N2,off-food,19,1.9,ok
700,1113,-0.28324607615427927,4297.76513671875,7387.25927734375,-1,N2,off-food,20,2,ok
700,1114,-0.24303958404815948,4264.908203125,7375.45556640625,-1,N2,off-food,21,2.1,ok
700,1115,-0.23841641042898365,4236.41748046875,7356.2509765625,-1,N2,off-food,22,2.2,ok
700,1116,-0.19803717302202103,4220.73291015625,7341.703125,-1,N2,off-food,23,2.3,ok
700,1117,-0.16009029079127954,4203.28564453125,7311.154296875,-1,N2,off-food,24,2.4,ok
700,1118,-0.06502331804155229,4195.6650390625,7292.201171875,-1,N2,off-food,25,2.5,ok
700,1119,0.05517279228004249,4192.0703125,7284.33984375,-1,N2,off-food,26,2.6,ok
700,1120,0.14203378653311513,4192.98291015625,7287.8056640625,1,N2,off-food,27,2.7,ok
700,1121,0.18951610269632424,4206.18896484375,7316.09375,1,N2,off-food,28,2.8,ok
700,1122,0.11616162081881685,4220.482421875,7342.505859375,1,N2,off-food,29,2.9,ok
700,1123,0.05362051807437931,4241.51123046875,7364.02685546875,1,N2,off-food,30,3,ok
700,1124,NA,NA,NA,1,N2,off-food,31,3.1,ok
700,1125,NA,NA,NA,1,N2,off-food,32,3.2,ok
700,1126,NA,NA,NA,1,N2,off-food,33,3.3,ok
700,1127,NA,NA,NA,1,N2,off-food,34,3.4,ok
700,1128,NA,NA,NA,1,N2,off-food,35,3.5,ok
700,1129,NA,NA,NA,NaN,N2,off-food,36,3.6,ok
700,1130,NA,NA,NA,NaN,N2,off-food,37,3.7,ok
700,1131,NA,NA,NA,NaN,N2,off-food,38,3.8,ok
700,1132,NA,NA,NA,1,N2,off-food,39,3.9,ok
700,1133,NA,NA,NA,1,N2,off-food,40,4,ok
700,1134,NA,NA,NA,1,N2,off-food,41,4.1,ok
700,1135,NA,NA,NA,1,N2,off-food,42,4.2,ok
700,1136,NA,NA,NA,1,N2,off-food,43,4.3,ok
700,1137,0.12238206509426906,4324.6689453125,7243.3291015625,1,N2,off-food,44,4.4,ok
700,1138,0.19494162523424302,4310.47607421875,7218.25390625,1,N2,off-food,45,4.5,ok
700,1139,0.19464589808008692,4294.958984375,7200.42333984375,1,N2,off-food,46,4.6,ok
700,1140,0.2033585683461782,4273.822265625,7168.45703125,1,N2,off-food,47,4.7,ok
700,1141,0.16092133503132036,4255.76416015625,7146.53759765625,1,N2,off-food,48,4.8,ok
700,1142,0.13727947049527553,4237.4716796875,7125.01611328125,1,N2,off-food,49,4.9,ok
700,1143,0.12079383506431235,4224.8212890625,7111.9853515625,1,N2,off-food,50,5,ok
700,1144,0.14642842431970543,4212.34375,7101.52099609375,1,N2,off-food,51,5.1,ok
700,1145,0.17536064202935844,4199.00927734375,7092.27783203125,1,N2,off-food,52,5.2,ok
700,1146,0.19640052630450272,4178.7900390625,7077.51025390625,1,N2,off-food,53,5.3,ok
700,1147,0.20915859682925111,4157.24853515625,7067.46484375,1,N2,off-food,54,5.4,ok
700,1148,0.20146319703798035,4136.1123046875,7063.9130859375,1,N2,off-food,55,5.5,ok
700,1149,0.22048034118102475,4111.8349609375,7057.27490234375,1,N2,off-food,56,5.6,ok
700,1150,0.21323346579611838,4090.308837890625,7056.935546875,1,N2,off-food,57,5.7,ok
700,1151,0.22307062729844102,4060.82568359375,7056.92578125,1,N2,off-food,58,5.8,ok
700,1152,0.23131794532569677,4033.839599609375,7058.72607421875,1,N2,off-food,59,5.9,ok
700,1153,0.24301451564479518,4007.229248046875,7061.60302734375,1,N2,off-food,60,6,ok
700,1154,0.25698511017120634,3971.374267578125,7064.86572265625,1,N2,off-food,61,6.1,ok
700,1155,0.27091191499727263,3935.7333984375,7070.60986328125,1,N2,off-food,62,6.2,ok
700,1156,0.26512151384783217,3898.97509765625,7072.98193359375,1,N2,off-food,63,6.3,ok
700,1157,0.24032235580306868,3861.05859375,7064.0361328125,1,N2,off-food,64,6.4,ok
700,1158,0.22576236044394002,3835.22607421875,7056.037109375,1,N2,off-food,65,6.5,ok
700,1159,0.21411100659069712,3818.3779296875,7041.361328125,1,N2,off-food,66,6.6,ok
700,1160,0.2140493223173124,3795.181884765625,7020.11767578125,1,N2,off-food,67,6.7,ok
700,1161,0.17335743658392277,3780.9150390625,7002.345703125,1,N2,off-food,68,6.8,ok
700,1162,0.15717087520564998,3770.145263671875,6980.21875,1,N2,off-food,69,6.9,ok
700,1163,0.152874070863466,3762.304931640625,6962.78369140625,1,N2,off-food,70,7,ok
700,1164,0.16118197975502357,3753.29345703125,6946.037109375,1,N2,off-food,71,7.1,ok
700,1165,0.18624768959938942,3743.702392578125,6929.458984375,1,N2,off-food,72,7.2,ok
700,1166,0.19500702976536105,3736.11767578125,6907.677734375,1,N2,off-food,73,7.3,ok
700,1167,0.1936207870620865,3726.141845703125,6882.81689453125,1,N2,off-food,74,7.4,ok
700,1168,0.145812648326427,3716.2353515625,6861.85791015625,1,N2,off-food,75,7.5,ok
700,1169,0.15425263303464595,3704.675537109375,6846.23876953125,1,N2,off-food,76,7.6,ok
700,1170,0.16694847258146817,3700.370849609375,6839.9296875,1,N2,off-food,77,7.7,ok
700,1171,0.2090377084543039,3687.23388671875,6818.0791015625,1,N2,off-food,78,7.8,ok
700,1172,0.21065412710378834,3673.814453125,6798.08349609375,1,N2,off-food,79,7.9,ok
700,1173,0.22339659654771957,3659.9638671875,6779.4443359375,1,N2,off-food,80,8,ok
700,1174,0.24207615730354376,3642.5048828125,6759.8984375,1,N2,off-food,81,8.1,ok
700,1175,0.2432275170678491,3622.226806640625,6738.73291015625,1,N2,off-food,82,8.2,ok
700,1176,0.23324285201339032,3602.991455078125,6716.10888671875,1,N2,off-food,83,8.3,ok
700,1177,0.23495649073145408,3586.767578125,6695.78369140625,1,N2,off-food,84,8.4,ok
700,1178,0.24345745299743102,3572.32763671875,6675.67236328125,1,N2,off-food,85,8.5,ok
700,1179,NA,3554.162841796875,6651.2734375,1,N2,off-food,86,8.6,ok
700,1180,NA,3540.646240234375,6625.927734375,1,N2,off-food,87,8.7,ok
912,1244,NA,9721.673828125,7433.98095703125,NA,N2,off-food,1,0.1,reversed
912,1245,-0.37466627626161314,9679.2587890625,7428.4521484375,NA,N2,off-food,2,0.2,reversed
912,1246,-0.393424082438151,9627.208984375,7408.85546875,NA,N2,off-food,3,0.3,reversed
912,1247,-0.3454344377947283,9592.2724609375,7376.62451171875,NA,N2,off-food,4,0.4,reversed
912,1248,-0.3839501460994686,9569.3388671875,7338.24951171875,NA,N2,off-food,5,0.5,reversed
912,1249,-0.38356238590274844,9557.56640625,7305.86669921875,NA,N2,off-food,6,0.6,reversed
912,1250,-0.41046846324473885,9542.82421875,7242.55224609375,NA,N2,off-food,7,0.7,reversed
912,1251,-0.38072186911643086,9533.8955078125,7189.9873046875,NA,N2,off-food,8,0.8,reversed
912,1252,-0.35818246762387385,9517.69921875,7143.376953125,NA,N2,off-food,9,0.9,reversed
912,1253,-0.3536339925130208,9489.833984375,7102.2080078125,NA,N2,off-food,10,1,reversed
912,1254,-0.3620938319300746,9464.7001953125,7078.60888671875,NA,N2,off-food,11,1.1,reversed
912,1255,-0.38416952129742044,9427.0771484375,7060.6865234375,NA,N2,off-food,12,1.2,reversed
912,1256,-0.34874210694459107,9372.982421875,7049.4638671875,NA,N2,off-food,13,1.3,reversed
912,1257,-0.31792986565667225,9324.001953125,7042.99462890625,NA,N2,off-food,14,1.4,reversed
912,1258,-0.2942458248653927,9290.2216796875,7038.99267578125,NA,N2,off-food,15,1.5,reversed
912,1259,-0.3302350381387246,9244.796875,7031.10888671875,NA,N2,off-food,16,1.6,reversed
912,1260,-0.33535816639393295,9206.1474609375,7019.9140625,NA,N2,off-food,17,1.7,reversed
912,1261,-0.34576416730451154,9170.5869140625,6997.1533203125,NA,N2,off-food,18,1.8,reversed
912,1262,-0.3248997885214316,9143.17578125,6964.9931640625,NA,N2,off-food,19,1.9,reversed
912,1263,-0.2979154924272417,9122.9912109375,6930.65869140625,NA,N2,off-food,20,2,reversed
912,1264,-0.3028400735941019,9113.3017578125,6895.70703125,NA,N2,off-food,21,2.1,reversed
912,1265,-0.3378541793135909,9107.0849609375,6857.44287109375,NA,N2,off-food,22,2.2,reversed
912,1266,-0.3781138484370601,9095.6328125,6812.90576171875,NA,N2,off-food,23,2.3,reversed
912,1267,-0.36231648735527516,9081.0693359375,6758.7578125,NA,N2,off-food,24,2.4,reversed
912,1268,-0.3393987129830025,9056.505859375,6711.888671875,NA,N2,off-food,25,2.5,reversed
912,1269,-0.29925638532208965,9033.2822265625,6683.14404296875,NA,N2,off-food,26,2.6,reversed
912,1270,-0.30962667709213115,8995.5576171875,6667.04296875,NA,N2,off-food,27,2.7,reversed
912,1271,-0.3220363634814013,8960.4287109375,6660.1083984375,NA,N2,off-food,28,2.8,reversed
912,1272,-0.32708417985245986,8920.0078125,6657.05615234375,NA,N2,off-food,29,2.9,reversed
912,1273,-0.3376337640435846,8868.291015625,6663.73779296875,NA,N2,off-food,30,3,reversed
912,1274,-0.3177818820712802,8828.49609375,6665.2578125,NA,N2,off-food,31,3.1,reversed
912,1275,-0.3373844401041666,8777.982421875,6668.99658203125,NA,N2,off-food,32,3.2,reversed
912,1276,-0.3185204665725295,8738.9560546875,6660.73388671875,NA,N2,off-food,33,3.3,reversed
912,1277,-0.31040942465292437,8698.33203125,6643.7646484375,NA,N2,off-food,34,3.4,reversed
912,1278,-0.27294066887932855,8670.876953125,6621.2724609375,NA,N2,off-food,35,3.5,reversed
912,1279,-0.28650859550957203,8650.33984375,6593.1875,NA,N2,off-food,36,3.6,reversed
912,1280,-0.2887090946231876,8636.5185546875,6566.83154296875,NA,N2,off-food,37,3.7,reversed
912,1281,-0.32202164246155335,8621.390625,6524.97607421875,NA,N2,off-food,38,3.8,reversed
912,1282,-0.28769030404305673,8610.0771484375,6484.00830078125,NA,N2,off-food,39,3.9,reversed
912,1283,-0.3045845144460867,8592.4423828125,6439.51171875,NA,N2,off-food,40,4,reversed
912,1284,-0.2770953567092483,8576.5029296875,6409.1279296875,NA,N2,off-food,41,4.1,reversed
912,1285,-0.27735729485589106,8546.9951171875,6370.841796875,NA,N2,off-food,42,4.2,reversed
912,1286,-0.27128386076506195,8520.658203125,6352.1494140625,NA,N2,off-food,43,4.3,reversed
912,1287,-0.26155998711113454,8493.3720703125,6343.82421875,NA,N2,off-food,44,4.4,reversed
912,1288,-0.2796481735641892,8451.7529296875,6343.005859375,NA,N2,off-food,45,4.5,reversed
912,1289,-0.2673167325956327,8422.74609375,6349.4951171875,NA,N2,off-food,46,4.6,reversed
912,1290,-0.28758840365023225,8385.404296875,6359.96728515625,NA,N2,off-food,47,4.7,reversed
912,1291,-0.2862189487766575,8345.154296875,6376.7431640625,NA,N2,off-food,48,4.8,reversed
912,1292,-0.28424203848624013,8306.486328125,6390.4921875,NA,N2,off-food,49,4.9,reversed
912,1293,-0.2977657753884255,8267.2998046875,6398.83740234375,NA,N2,off-food,50,5,reversed
912,1294,-0.2856538162918778,8229.1083984375,6401.6982421875,NA,N2,off-food,51,5.1,reversed
912,1295,-0.2628205811096741,8190.19677734375,6392.86767578125,NA,N2,off-food,52,5.2,reversed
912,1296,-0.22699153893273155,8164.453125,6380.81689453125,NA,N2,off-food,53,5.3,reversed
912,1297,-0.17433123738056902,8145.0341796875,6359.27490234375,NA,N2,off-food,54,5.4,reversed
912,1298,-0.084749291291108,8126.6630859375,6337.453125,NA,N2,off-food,55,5.5,reversed
912,1299,0.027516791317913982,8120.50048828125,6328.62744140625,NA,N2,off-food,56,5.6,reversed
912,1300,0.12738075806213928,8124.603515625,6332.9111328125,NA,N2,off-food,57,5.7,reversed
912,1301,0.18978373457075237,8135.0361328125,6346.38037109375,NA,N2,off-food,58,5.8,reversed
912,1302,0.20574524035754505,8157.22216796875,6368.24755859375,NA,N2,off-food,59,5.9,reversed
912,1303,0.18220464950424056,8185.96044921875,6390.78955078125,NA,N2,off-food,60,6,reversed
912,1304,0.09525014543962908,8213.6015625,6404.33642578125,NA,N2,off-food,61,6.1,reversed
912,1305,0.052131381576125686,8243.802734375,6410.40380859375,NA,N2,off-food,62,6.2,reversed
912,1306,NA,NA,NA,NA,N2,off-food,63,6.3,reversed
912,1307,NA,NA,NA,NA,N2,off-food,64,6.4,reversed
912,1308,NA,NA,NA,NA,N2,off-food,65,6.5,reversed
912,1309,NA,NA,NA,NA,N2,off-food,66,6.6,reversed
912,1310,NA,NA,NA,NA,N2,off-food,67,6.7,reversed
912,1311,NA,NA,NA,NA,N2,off-food,68,6.8,reversed
912,1312,NA,NA,NA,NA,N2,off-food,69,6.9,reversed
912,1313,NA,NA,NA,NA,N2,off-food,70,7,reversed
912,1314,NA,NA,NA,NA,N2,off-food,71,7.1,reversed
912,1315,NA,NA,NA,NA,N2,off-food,72,7.2,reversed
912,1316,NA,NA,NA,NA,N2,off-food,73,7.3,reversed
912,1317,-0.18471875701079496,8229.640625,6244.810546875,NA,N2,off-food,74,7.4,reversed
912,1318,-0.2997118568764076,8194.6318359375,6230.3408203125,NA,N2,off-food,75,7.5,reversed
912,1319,-0.30520415737392664,8168.22265625,6219.1064453125,NA,N2,off-food,76,7.6,reversed
912,1320,-0.35462851474521395,8124.66748046875,6197.8486328125,NA,N2,off-food,77,7.7,reversed
912,1321,-0.34007446646475575,8097.55078125,6180.30859375,NA,N2,off-food,78,7.8,reversed
912,1322,-0.38360948249885624,8066.28076171875,6150.0390625,NA,N2,off-food,79,7.9,reversed
912,1323,-0.33831909152194184,8034.6337890625,6120.59716796875,NA,N2,off-food,80,8,reversed
912,1324,-0.3040138349103498,7999.23974609375,6082.95166015625,NA,N2,off-food,81,8.1,reversed
912,1325,-0.2593927169662338,7982.9755859375,6056.68701171875,NA,N2,off-food,82,8.2,reversed
912,1326,-0.2705817321227477,7954.802734375,6045.56298828125,NA,N2,off-food,83,8.3,reversed
912,1327,-0.2644752024057749,7927.72265625,6028.0078125,NA,N2,off-food,84,8.4,reversed
912,1328,-0.21417995803420606,7901.63134765625,6018.15380859375,NA,N2,off-food,85,8.5,reversed
912,1329,-0.267710519876566,7875.12158203125,6008.015625,NA,N2,off-food,86,8.6,reversed
912,1330,-0.30087140387457767,7860.3193359375,6004.95654296875,NA,N2,off-food,87,8.7,reversed
912,1331,-0.3873444879205377,7810.19189453125,5996.1103515625,NA,N2,off-food,88,8.8,reversed
912,1332,-0.3531246238914696,7766.3876953125,5991.75341796875,NA,N2,off-food,89,8.9,reversed
912,1333,-0.3350795337573902,7720.32080078125,5982.8037109375,NA,N2,off-food,90,9,reversed
912,1334,-0.3030801968961148,7686.27587890625,5972.11865234375,NA,N2,off-food,91,9.1,reversed
912,1335,-0.3175734142956433,7655.82763671875,5957.0078125,NA,N2,off-food,92,9.2,reversed
912,1336,-0.3123012890515027,7629.078125,5937.84228515625,NA,N2,off-food,93,9.3,reversed
912,1337,-0.327413776019672,7596.36328125,5912.2001953125,NA,N2,off-food,94,9.4,reversed
912,1338,-0.3117030076035508,7571.1376953125,5888.72900390625,NA,N2,off-food,95,9.5,reversed
912,1339,-0.30486448050834036,7542.27978515625,5859.39404296875,NA,N2,off-food,96,9.6,reversed
912,1340,-0.29142496277405333,7514.61669921875,5835.82568359375,NA,N2,off-food,97,9.7,reversed
912,1341,-0.2606470705324465,7490.60400390625,5817.47509765625,NA,N2,off-food,98,9.8,reversed
912,1342,-0.2808377226408537,7462.47314453125,5797.42138671875,NA,N2,off-food,99,9.9,reversed
912,1343,-0.28813012117952913,7440.66259765625,5786.5302734375,NA,N2,off-food,100,10,reversed
912,1344,-0.3140807456626548,7407.25,5770.9326171875,NA,N2,off-food,101,10.1,reversed
912,1345,-0.3088151808730117,7366.38232421875,5762.4453125,NA,N2,off-food,102,10.2,reversed
912,1346,-0.2974844492319468,7336.3154296875,5744.75390625,NA,N2,off-food,103,10.3,reversed
912,1347,-0.2853875311774176,7304.67822265625,5730.0107421875,NA,N2,off-food,104,10.4,reversed
912,1348,-0.3007823843741202,7275.6904296875,5714.6533203125,NA,N2,off-food,105,10.5,reversed
912,1349,NA,7251.37158203125,5697.25634765625,NA,N2,off-food,106,10.6,reversed
912,1350,NA,7224.41796875,5669.0166015625,NA,N2,off-food,107,10.7,reversed
1126,1469,NA,6826.91845703125,4403.99072265625,-1,N2,off-food,1,0.1,ok
1126,1470,-0.31189131398243947,6795.16455078125,4423.10107421875,-1,N2,off-food,2,0.2,ok
1126,1471,-0.31847777028126756,6762.07373046875,4436.59814453125,-1,N2,off-food,3,0.3,ok
1126,1472,-0.35994952337591496,6715.18017578125,4445.14013671875,-1,N2,off-food,4,0.4,ok
1126,1473,-0.3224068958179371,6682.8798828125,4443.0556640625,-1,N2,off-food,5,0.5,ok
1126,1474,-0.29685235210796734,6638.96533203125,4433.83056640625,-1,N2,off-food,6,0.6,ok
1126,1475,-0.18964421823862435,6605.87255859375,4418.38623046875,-1,N2,off-food,7,0.7,ok
1126,1476,-0.18080051222792615,6582.0068359375,4400.04833984375,-1,N2,off-food,8,0.8,ok
1126,1477,-0.22779716807872324,6572.97802734375,4389.29638671875,-1,N2,off-food,9,0.9,ok
1126,1478,-0.28824810268642664,6540.9580078125,4372.041015625,-1,N2,off-food,10,1,ok
1126,1479,-0.29441423653267523,6499.3984375,4356.814453125,-1,N2,off-food,11,1.1,ok
1126,1480,-0.2776384876697987,6469.3857421875,4356.6884765625,-1,N2,off-food,12,1.2,ok
1126,1481,-0.2764477385099944,6438.83251953125,4369.32373046875,-1,N2,off-food,13,1.3,ok
1126,1482,-0.284212943137229,6407.48681640625,4392.0322265625,-1,N2,off-food,14,1.4,ok
1126,1483,-0.2821240250870988,6381.26171875,4421.53857421875,-1,N2,off-food,15,1.5,ok
1126,1484,-0.29447376065640835,6350.9462890625,4459.9580078125,-1,N2,off-food,16,1.6,ok
1126,1485,-0.26252290715398013,6318.47509765625,4494.13623046875,-1,N2,off-food,17,1.7,ok
1126,1486,-0.23810393544789907,6282.08935546875,4515.6875,-1,N2,off-food,18,1.8,ok
1126,1487,-0.20426563118599556,6253.44580078125,4521.48095703125,-1,N2,off-food,19,1.9,ok
1126,1488,-0.21492494297886752,6223.7421875,4517.08740234375,-1,N2,off-food,20,2,ok
1126,1489,-0.22384817449896183,6200.38916015625,4506.2294921875,-1,N2,off-food,21,2.1,ok
1126,1490,-0.23452016717034416,6176.10986328125,4479.2509765625,-1,N2,off-food,22,2.2,ok
1126,1491,-0.23013383662593256,6153.98193359375,4451.33984375,-1,N2,off-food,23,2.3,ok
1126,1492,-0.23768822664827913,6137.41064453125,4420.51708984375,-1,N2,off-food,24,2.4,ok
1126,1493,-0.22845996066256685,6117.470703125,4387.50146484375,-1,N2,off-food,25,2.5,ok
1126,1494,-0.22170541271862682,6091.99560546875,4351.80810546875,-1,N2,off-food,26,2.6,ok
1126,1495,-0.19602368686435456,6071.02490234375,4329.62841796875,-1,N2,off-food,27,2.7,ok
1126,1496,-0.18841042609687322,6044.3408203125,4309.47119140625,-1,N2,off-food,28,2.8,ok
1126,1497,-0.18180075485641892,6016.203125,4300.6318359375,-1,N2,off-food,29,2.9,ok
1126,1498,-0.18404579038877744,5990.609375,4301.56103515625,-1,N2,off-food,30,3,ok
1126,1499,-0.19289453674866272,5966.9765625,4314.2109375,-1,N2,off-food,31,3.1,ok
1126,1500,-0.21638952444265552,5945.87548828125,4334.31982421875,-1,N2,off-food,32,3.2,ok
1126,1501,-0.2095382631319063,5929.08154296875,4359.7529296875,-1,N2,off-food,33,3.3,ok
1126,1502,-0.23498526605829462,5908.5625,4399.26220703125,-1,N2,off-food,34,3.4,ok
1126,1503,-0.2349701983477618,5897.55615234375,4429.99951171875,-1,N2,off-food,35,3.5,ok
1126,1504,-0.22955083623662723,5876.68603515625,4468.64208984375,-1,N2,off-food,36,3.6,ok
1126,1505,-0.19800457076339034,5853.095703125,4503.11474609375,-1,N2,off-food,37,3.7,ok
1126,1506,-0.1599502544231243,5834.359375,4521.17724609375,-1,N2,off-food,38,3.8,ok
1126,1507,-0.15222874615643475,5811.5244140625,4536.328125,-1,N2,off-food,39,3.9,ok
1126,1508,-0.14089096069335938,5788.08349609375,4541.5517578125,-1,N2,off-food,40,4,ok
1126,1509,-0.14131384332330377,5768.38330078125,4539.85009765625,-1,N2,off-food,41,4.1,ok
1126,1510,-0.14801576095443586,5748.03857421875,4532.09375,-1,N2,off-food,42,4.2,ok
1126,1511,-0.15446111414454003,5728.75390625,4520.416015625,-1,N2,off-food,43,4.3,ok
1126,1512,-0.18235907353581607,5711.46240234375,4503.07177734375,-1,N2,off-food,44,4.4,ok
1126,1513,-0.195792324169262,5695.56982421875,4482.447265625,-1,N2,off-food,45,4.5,ok
1126,1514,-0.21222603600304404,5675.87451171875,4449.87451171875,-1,N2,off-food,46,4.6,ok
1126,1515,-0.16312334091598923,5658.54296875,4422.29833984375,-1,N2,off-food,47,4.7,ok
1126,1516,-0.08066058136536194,5639.16796875,4395.7822265625,-1,N2,off-food,48,4.8,ok
1126,1517,-0.029283048681310705,5631.6474609375,4384.9853515625,-1,N2,off-food,49,4.9,ok
1126,1518,0.011407941156679445,5636.6826171875,4391.66552734375,-1,N2,off-food,50,5,ok
1126,1519,-0.030560793868056286,5631.4384765625,4385.7724609375,-1,N2,off-food,51,5.1,ok
1126,1520,NA,NA,NA,-1,N2,off-food,52,5.2,ok
1126,1521,NA,NA,NA,-1,N2,off-food,53,5.3,ok
1126,1522,NA,NA,NA,-1,N2,off-food,54,5.4,ok
1126,1523,NA,NA,NA,-1,N2,off-food,55,5.5,ok
1126,1524,NA,NA,NA,-1,N2,off-food,56,5.6,ok
1126,1525,NA,NA,NA,NaN,N2,off-food,57,5.7,ok
1126,1526,NA,NA,NA,NaN,N2,off-food,58,5.8,ok
1126,1527,NA,NA,NA,NaN,N2,off-food,59,5.9,ok
1126,1528,NA,NA,NA,NaN,N2,off-food,60,6,ok
1126,1529,NA,NA,NA,NaN,N2,off-food,61,6.1,ok
1126,1530,NA,NA,NA,NaN,N2,off-food,62,6.2,ok
1126,1531,NA,NA,NA,NaN,N2,off-food,63,6.3,ok
1126,1532,NA,NA,NA,NaN,N2,off-food,64,6.4,ok
1126,1533,NA,NA,NA,NaN,N2,off-food,65,6.5,ok
1126,1534,NA,NA,NA,NaN,N2,off-food,66,6.6,ok
1126,1535,NA,NA,NA,NaN,N2,off-food,67,6.7,ok
1126,1536,NA,NA,NA,NaN,N2,off-food,68,6.8,ok
1126,1537,NA,NA,NA,NaN,N2,off-food,69,6.9,ok
1126,1538,NA,NA,NA,1,N2,off-food,70,7,ok
1126,1539,NA,NA,NA,1,N2,off-food,71,7.1,ok
1126,1540,NA,NA,NA,1,N2,off-food,72,7.2,ok
1126,1541,NA,NA,NA,1,N2,off-food,73,7.3,ok
1126,1542,NA,NA,NA,1,N2,off-food,74,7.4,ok
1126,1543,0.1665131624238985,5716.279296875,4344.220703125,1,N2,off-food,75,7.5,ok
1126,1544,0.24935258140220296,5697.36376953125,4320.17138671875,1,N2,off-food,76,7.6,ok
1126,1545,0.21204038314132,5682.42333984375,4293.2421875,1,N2,off-food,77,7.7,ok
1126,1546,0.20754259154173704,5668.07568359375,4264.4755859375,1,N2,off-food,78,7.8,ok
1126,1547,0.19854111460092905,5660.3671875,4248.69970703125,1,N2,off-food,79,7.9,ok
1126,1548,0.2216086726833034,5645.890625,4221.4365234375,1,N2,off-food,80,8,ok
1126,1549,0.20718815365353144,5631.23876953125,4193.44091796875,1,N2,off-food,81,8.1,ok
1126,1550,0.1815096413552224,5616.03369140625,4170.04638671875,1,N2,off-food,82,8.2,ok
1126,1551,0.18183546392767277,5600.4111328125,4149.70068359375,1,N2,off-food,83,8.3,ok
1126,1552,0.1656098731788429,5585.642578125,4139.99853515625,1,N2,off-food,84,8.4,ok
1126,1553,0.17955070564338751,5564.41357421875,4125.041015625,1,N2,off-food,85,8.5,ok
1126,1554,0.17780279788455447,5546.92431640625,4119.8017578125,1,N2,off-food,86,8.6,ok
1126,1555,0.20640033907503694,5524.67138671875,4114.83349609375,1,N2,off-food,87,8.7,ok
1126,1556,NA,5500.1591796875,4116.599609375,1,N2,off-food,88,8.8,ok
1126,1557,NA,5471.55859375,4124.40087890625,1,N2,off-food,89,8.9,ok
1636,1800,NA,7607.517578125,3907.977294921875,-1,N2,off-food,1,0.1,ok
1636,1801,-0.3021014624243384,7647.50927734375,3902.655029296875,-1,N2,off-food,2,0.2,ok
1636,1802,-0.316855444555884,7680.73046875,3904.98876953125,-1,N2,off-food,3,0.3,ok
1636,1803,-0.3051127110386754,7716.00439453125,3919.689697265625,-1,N2,off-food,4,0.4,ok
1636,1804,-0.2977432404939119,7749.75537109375,3945.377197265625,-1,N2,off-food,5,0.5,ok
1636,1805,-0.2867731471706081,7768.46533203125,3969.12060546875,-1,N2,off-food,6,0.6,ok
1636,1806,-0.3056146124762458,7789.60888671875,4010.575439453125,-1,N2,off-food,7,0.7,ok
1636,1807,-0.29680037517375774,7814.337890625,4054.137939453125,-1,N2,off-food,8,0.8,ok
1636,1808,-0.2755567967870214,7843.322265625,4083.985107421875,-1,N2,off-food,9,0.9,ok
1636,1809,-0.185634980485246,7874.44091796875,4113.36474609375,-1,N2,off-food,10,1,ok
1636,1810,-0.13322348283647417,7906.3017578125,4144.2626953125,-1,N2,off-food,11,1.1,ok
1636,1811,-0.10883367315068974,7919.66162109375,4137.7451171875,-1,N2,off-food,12,1.2,ok
1636,1812,-0.12085515931275513,7940.61669921875,4137.8720703125,-1,N2,off-food,13,1.3,ok
1636,1813,-0.12418366990647874,7960.20556640625,4134.9384765625,-1,N2,off-food,14,1.4,ok
1636,1814,-0.1512821605785473,7979.22314453125,4122.63671875,-1,N2,off-food,15,1.5,ok
1636,1815,-0.15202327858864723,7996.14306640625,4106.00732421875,-1,N2,off-food,16,1.6,ok
1636,1816,-0.19588129033269108,8012.3759765625,4081.24755859375,-1,N2,off-food,17,1.7,ok
1636,1817,-0.24536387840477195,8023.51123046875,4064.586669921875,-1,N2,off-food,18,1.8,ok
1636,1818,-0.3036511431169939,8035.79150390625,4024.84912109375,-1,N2,off-food,19,1.9,ok
1636,1819,-0.2895620337134009,8049.92529296875,3979.69677734375,-1,N2,off-food,20,2,ok
1636,1820,-0.27368440040382175,8061.65771484375,3938.43359375,-1,N2,off-food,21,2.1,ok
1636,1821,-0.2412825823259783,8069.869140625,3904.135498046875,-1,N2,off-food,22,2.2,ok
1636,1822,-0.23191844026032868,8086.44580078125,3866.803955078125,-1,N2,off-food,23,2.3,ok
1636,1823,-0.20839003691802152,8104.2490234375,3839.611572265625,-1,N2,off-food,24,2.4,ok
1636,1824,-0.17953138430483706,8120.43798828125,3815.39794921875,-1,N2,off-food,25,2.5,ok
1636,1825,-0.1726248791668866,8148.1240234375,3800.333740234375,-1,N2,off-food,26,2.6,ok
1636,1826,-0.19365905637998837,8166.75390625,3799.7412109375,-1,N2,off-food,27,2.7,ok
1636,1827,-0.2382463986508481,8188.677734375,3801.282958984375,-1,N2,off-food,28,2.8,ok
1636,1828,-0.25239559221697283,8224.4853515625,3807.343017578125,-1,N2,off-food,29,2.9,ok
1636,1829,-0.24319639491175746,8260.46484375,3821.337646484375,-1,N2,off-food,30,3,ok
1636,1830,-0.23907640281883444,8288.73828125,3836.708740234375,-1,N2,off-food,31,3.1,ok
1636,1831,-0.23846604053394213,8321.0029296875,3858.493408203125,-1,N2,off-food,32,3.2,ok
1636,1832,-0.23110150366430882,8354.4794921875,3874.500244140625,-1,N2,off-food,33,3.3,ok
1636,1833,-0.20802265146616342,8384.802734375,3884.939697265625,-1,N2,off-food,34,3.4,ok
1636,1834,-0.1682926857063362,8418.1171875,3892.9873046875,-1,N2,off-food,35,3.5,ok
1636,1835,-0.12973746799778293,8449.4248046875,3896.3271484375,-1,N2,off-food,36,3.6,ok
1636,1836,-0.12162383923229869,8464.9990234375,3895.258544921875,-1,N2,off-food,37,3.7,ok
1636,1837,-0.11021616892771677,8483.361328125,3892.7900390625,-1,N2,off-food,38,3.8,ok
1636,1838,-0.10120704479045696,8511.59765625,3876.062255859375,-1,N2,off-food,39,3.9,ok
1636,1839,-0.06278306284036722,8518.4462890625,3870,-1,N2,off-food,40,4,ok
1636,1840,-0.03984389698612797,8525.0341796875,3858.512939453125,-1,N2,off-food,41,4.1,ok
1636,1841,0.002513233696018253,8526.2734375,3846.716796875,0,N2,off-food,42,4.2,ok
1636,1842,0.04389766115755648,8523.6923828125,3848.387451171875,0,N2,off-food,43,4.3,ok
1636,1843,0.022811088647928322,8521.61328125,3856.439208984375,0,N2,off-food,44,4.4,ok
1636,1844,-0.009558409690856933,8515.0966796875,3865.8427734375,0,N2,off-food,45,4.5,ok
1636,1845,NA,NA,NA,0,N2,off-food,46,4.6,ok
1636,1846,NA,NA,NA,0,N2,off-food,47,4.7,ok
1636,1847,NA,NA,NA,0,N2,off-food,48,4.8,ok
1636,1848,NA,NA,NA,0,N2,off-food,49,4.9,ok
1636,1849,NA,NA,NA,0,N2,off-food,50,5,ok
1636,1850,NA,NA,NA,NaN,N2,off-food,51,5.1,ok
1636,1851,NA,NA,NA,NaN,N2,off-food,52,5.2,ok
1636,1852,NA,NA,NA,NaN,N2,off-food,53,5.3,ok
1636,1853,NA,NA,NA,NaN,N2,off-food,54,5.4,ok
1636,1854,NA,NA,NA,NaN,N2,off-food,55,5.5,ok
1636,1855,NA,NA,NA,NaN,N2,off-food,56,5.6,ok
1636,1856,NA,NA,NA,NaN,N2,off-food,57,5.7,ok
1636,1857,NA,NA,NA,NaN,N2,off-food,58,5.8,ok
1636,1858,NA,NA,NA,NaN,N2,off-food,59,5.9,ok
1636,1859,NA,NA,NA,1,N2,off-food,60,6,ok
1636,1860,NA,NA,NA,1,N2,off-food,61,6.1,ok
1636,1861,NA,NA,NA,1,N2,off-food,62,6.2,ok
1636,1862,NA,NA,NA,1,N2,off-food,63,6.3,ok
1636,1863,NA,NA,NA,1,N2,off-food,64,6.4,ok
1636,1864,0.18354346225497958,8510.134765625,3728.2724609375,1,N2,off-food,65,6.5,ok
1636,1865,0.2256649670300183,8542.7509765625,3709.428955078125,1,N2,off-food,66,6.6,ok
1636,1866,0.22002192275588575,8564.3125,3694.408447265625,1,N2,off-food,67,6.7,ok
1636,1867,0.2261196918659382,8581.5498046875,3683.816650390625,1,N2,off-food,68,6.8,ok
1636,1868,0.22832637807485218,8608.341796875,3664.175537109375,1,N2,off-food,69,6.9,ok
1636,1869,0.22304071855974625,8630.095703125,3643.471923828125,1,N2,off-food,70,7,ok
1636,1870,0.21349887084960936,8647.09765625,3630.374755859375,1,N2,off-food,71,7.1,ok
1636,1871,0.20031665094049125,8671.1962890625,3609.33837890625,1,N2,off-food,72,7.2,ok
1636,1872,0.2004992369230803,8690.5634765625,3594.748291015625,1,N2,off-food,73,7.3,ok
1636,1873,0.20186757171905792,8705.4306640625,3592.19384765625,1,N2,off-food,74,7.4,ok
1636,1874,0.23963073455535613,8731.67578125,3578.7705078125,1,N2,off-food,75,7.5,ok
1636,1875,0.22269405454343502,8753.75390625,3571.36376953125,1,N2,off-food,76,7.6,ok
1636,1876,0.22920267878351983,8780.755859375,3566.29052734375,1,N2,off-food,77,7.7,ok
1636,1877,0.20855248817237645,8806.390625,3566.359375,1,N2,off-food,78,7.8,ok
1636,1878,NA,8834.3310546875,3569.953369140625,1,N2,off-food,79,7.9,ok
1636,1879,NA,8857.3330078125,3570.333984375,1,N2,off-food,80,8,ok
2184,2141,NA,7532.56787109375,4519.8212890625,-1,N2,off-food,1,0.1,ok
2184,2142,-0.30104154899528435,7543.2763671875,4543.76904296875,-1,N2,off-food,2,0.2,ok
2184,2143,-0.3439784702610325,7547.03271484375,4588.26611328125,-1,N2,off-food,3,0.3,ok
2184,2144,-0.35896212163701785,7545.69921875,4624.529296875,-1,N2,off-food,4,0.4,ok
2184,2145,-0.3702674381840336,7537.810546875,4674.08935546875,-1,N2,off-food,5,0.5,ok
2184,2146,-0.35107416183884077,7538.3798828125,4728.93701171875,-1,N2,off-food,6,0.6,ok
2184,2147,-0.3090326359379399,7545.06640625,4771.96630859375,-1,N2,off-food,7,0.7,ok
2184,2148,-0.3122043223338084,7558.2099609375,4806.77978515625,-1,N2,off-food,8,0.8,ok
2184,2149,-0.31216871986732825,7578.66015625,4834.02587890625,-1,N2,off-food,9,0.9,ok
2184,2150,-0.32004673230970226,7610.8740234375,4857.6845703125,-1,N2,off-food,10,1,ok
2184,2151,-0.28376155186558627,7650.14453125,4873.8701171875,-1,N2,off-food,11,1.1,ok
2184,2152,-0.2639327914951084,7692.97705078125,4890.66943359375,-1,N2,off-food,12,1.2,ok
2184,2153,-0.2319801512022276,7728.9423828125,4903.79248046875,-1,N2,off-food,13,1.3,ok
2184,2154,-0.2371844050776851,7761.2275390625,4925.5576171875,-1,N2,off-food,14,1.4,ok
2184,2155,-0.21848801648938976,7783.337890625,4948.078125,-1,N2,off-food,15,1.5,ok
2184,2156,-0.21116756267375772,7802.37060546875,4980.0068359375,-1,N2,off-food,16,1.6,ok
2184,2157,-0.18019064331054685,7807.244140625,5008.033203125,-1,N2,off-food,17,1.7,ok
2184,2158,-0.18210574931926554,7798.42041015625,5038.10009765625,-1,N2,off-food,18,1.8,ok
2184,2159,-0.19995591928293038,7788.92431640625,5056.345703125,-1,N2,off-food,19,1.9,ok
2184,2160,-0.2455273030598958,7768.0986328125,5078.36376953125,-1,N2,off-food,20,2,ok
2184,2161,-0.27324412990260766,7741.90283203125,5106.36474609375,-1,N2,off-food,21,2.1,ok
2184,2162,-0.28059962614592127,7709.91015625,5133.1220703125,-1,N2,off-food,22,2.2,ok
2184,2163,-0.259512378589527,7676.3408203125,5162.177734375,-1,N2,off-food,23,2.3,ok
2184,2164,-0.25496019655519775,7649.76708984375,5192.4609375,-1,N2,off-food,24,2.4,ok
2184,2165,-0.24760622041719452,7631.70703125,5214.068359375,-1,N2,off-food,25,2.5,ok
2184,2166,-0.25665863422015767,7618.5498046875,5242.333984375,-1,N2,off-food,26,2.6,ok
2184,2167,-0.24060570876662793,7614.00244140625,5273.41455078125,-1,N2,off-food,27,2.7,ok
2184,2168,-0.20277887485263582,7619.81201171875,5301.60009765625,-1,N2,off-food,28,2.8,ok
2184,2169,-0.18241287726324956,7629.31689453125,5328.576171875,-1,N2,off-food,29,2.9,ok
2184,2170,-0.16795391557023331,7641.4130859375,5346.00634765625,-1,N2,off-food,30,3,ok
2184,2171,-0.18799829087815842,7654.611328125,5369.99169921875,-1,N2,off-food,31,3.1,ok
2184,2172,-0.1856886775386226,7668.36474609375,5392.93212890625,-1,N2,off-food,32,3.2,ok
2184,2173,-0.20355551532367328,7687.25244140625,5422.02392578125,-1,N2,off-food,33,3.3,ok
2184,2174,-0.1958199794185054,7698.86767578125,5449.52001953125,-1,N2,off-food,34,3.4,ok
2184,2175,-0.18941430897755665,7709.0419921875,5482.82958984375,-1,N2,off-food,35,3.5,ok
2184,2176,-0.13892075753426766,7711.0576171875,5512.537109375,-1,N2,off-food,36,3.6,ok
2184,2177,-0.10177823769509255,7705.8427734375,5534.69091796875,-1,N2,off-food,37,3.7,ok
2184,2178,-0.06933374332737278,7698.4248046875,5545.0859375,-1,N2,off-food,38,3.8,ok
2184,2179,-0.05618429235509924,7689.72265625,5552.9921875,-1,N2,off-food,39,3.9,ok
2184,2180,-0.0127806470888155,7679.46533203125,5554.6923828125,-1,N2,off-food,40,4,ok
2184,2181,0.03860431444322741,7673.36376953125,5558.7880859375,-1,N2,off-food,41,4.1,ok
2184,2182,0.06710759577020868,7681.93310546875,5553.4833984375,1,N2,off-food,42,4.2,ok
2184,2183,0.08331715874199394,7691.71435546875,5541.05615234375,1,N2,off-food,43,4.3,ok
2184,2184,0.08570230398092184,7695.70703125,5535.078125,1,N2,off-food,44,4.4,ok
2184,2185,0.06344813558217641,7708.83154296875,5517.50341796875,1,N2,off-food,45,4.5,ok
2184,2186,0.023812638033617724,7718.4326171875,5494.68896484375,1,N2,off-food,46,4.6,ok
2184,2187,NA,NA,NA,1,N2,off-food,47,4.7,ok
2184,2188,NA,NA,NA,1,N2,off-food,48,4.8,ok
2184,2189,NA,NA,NA,1,N2,off-food,49,4.9,ok
2184,2190,NA,NA,NA,1,N2,off-food,50,5,ok
2184,2191,NA,NA,NA,1,N2,off-food,51,5.1,ok
2184,2192,NA,NA,NA,NaN,N2,off-food,52,5.2,ok
2184,2193,NA,NA,NA,NaN,N2,off-food,53,5.3,ok
2184,2194,NA,NA,NA,NaN,N2,off-food,54,5.4,ok
2184,2195,NA,NA,NA,NaN,N2,off-food,55,5.5,ok
2184,2196,NA,NA,NA,NaN,N2,off-food,56,5.6,ok
2184,2197,NA,NA,NA,NaN,N2,off-food,57,5.7,ok
2184,2198,NA,NA,NA,NaN,N2,off-food,58,5.8,ok
2184,2199,NA,NA,NA,-1,N2,off-food,59,5.9,ok
2184,2200,NA,NA,NA,-1,N2,off-food,60,6,ok
2184,2201,NA,NA,NA,-1,N2,off-food,61,6.1,ok
2184,2202,NA,NA,NA,-1,N2,off-food,62,6.2,ok
2184,2203,NA,NA,NA,-1,N2,off-food,63,6.3,ok
2184,2204,-0.15825629706855293,7562.22509765625,5481.4306640625,-1,N2,off-food,64,6.4,ok
2184,2205,-0.20922830832541525,7560.0068359375,5509.39892578125,-1,N2,off-food,65,6.5,ok
2184,2206,-0.25714949489284206,7554.9697265625,5546.79736328125,-1,N2,off-food,66,6.6,ok
2184,2207,-0.21584646015339068,7551.22119140625,5571.40478515625,-1,N2,off-food,67,6.7,ok
2184,2208,-0.2020883470140062,7543.2109375,5612.16015625,-1,N2,off-food,68,6.8,ok
2184,2209,-0.18292319261705553,7541.9365234375,5632.45458984375,-1,N2,off-food,69,6.9,ok
2184,2210,-0.2040719244329779,7539.05810546875,5650.7109375,-1,N2,off-food,70,7,ok
2184,2211,-0.18088371799228425,7535.58349609375,5683.294921875,-1,N2,off-food,71,7.1,ok
2184,2212,-0.13463366053125878,7534.9697265625,5709.7705078125,-1,N2,off-food,72,7.2,ok
2184,2213,-0.11514387031074041,7535.02197265625,5717.935546875,-1,N2,off-food,73,7.3,ok
2184,2214,-0.1266034242097322,7535.70751953125,5731.2041015625,-1,N2,off-food,74,7.4,ok
2184,2215,-0.14755608910912865,7539.1513671875,5748.7880859375,-1,N2,off-food,75,7.5,ok
2184,2216,-0.13800656086689717,7540.48486328125,5759.3955078125,-1,N2,off-food,76,7.6,ok
2184,2217,-0.13808913992117117,7543.31298828125,5777.41650390625,-1,N2,off-food,77,7.7,ok
2184,2218,-0.08889175827438767,7544.3388671875,5792.69140625,-1,N2,off-food,78,7.8,ok
2184,2219,-0.09665005575644003,7546.24560546875,5804.35302734375,-1,N2,off-food,79,7.9,ok
2184,2220,-0.08338019644247519,7546.58056640625,5808.17529296875,-1,N2,off-food,80,8,ok
2184,2221,-0.10808237443528733,7553.6708984375,5824.52587890625,-1,N2,off-food,81,8.1,ok
2184,2222,-0.08837257563960445,7559.18505859375,5830.90869140625,-1,N2,off-food,82,8.2,ok
2184,2223,-0.12646746812425216,7563.296875,5843.70703125,-1,N2,off-food,83,8.3,ok
2184,2224,-0.12231564715961077,7570.4619140625,5853.33154296875,-1,N2,off-food,84,8.4,ok
2184,2225,-0.14651843055518896,7582.2109375,5874.447265625,-1,N2,off-food,85,8.5,ok
2184,2226,-0.11836889373504363,7589.08447265625,5884.49755859375,-1,N2,off-food,86,8.6,ok
2184,2227,-0.1408095283851967,7604.63330078125,5903.29833984375,-1,N2,off-food,87,8.7,ok
2184,2228,-0.12853326457255596,7616.03955078125,5911.49853515625,-1,N2,off-food,88,8.8,ok
2184,2229,NA,7629.3759765625,5928.228515625,-1,N2,off-food,89,8.9,ok
2184,2230,NA,7643.5419921875,5939.1123046875,-1,N2,off-food,90,9,ok
3007,2563,NA,5295.53369140625,4123.376953125,-1,N2,off-food,1,0.1,ok
3007,2564,-0.22381758571315455,5288.669921875,4148.39794921875,-1,N2,off-food,2,0.2,ok
3007,2565,-0.22515173147390552,5274.13671875,4172.3701171875,-1,N2,off-food,3,0.3,ok
3007,2566,-0.19320062462059226,5263.46875,4186.2724609375,-1,N2,off-food,4,0.4,ok
3007,2567,-0.2454954075168919,5244.2265625,4203.072265625,-1,N2,off-food,5,0.5,ok
3007,2568,-0.24635805394628024,5219.74462890625,4212.1708984375,-1,N2,off-food,6,0.6,ok
3007,2569,-0.28779857821077914,5174.58251953125,4234.48583984375,-1,N2,off-food,7,0.7,ok
3007,2570,-0.25923841294297223,5148.60888671875,4254.52978515625,-1,N2,off-food,8,0.8,ok
3007,2571,-0.25872355060749225,5111.68701171875,4282.4453125,-1,N2,off-food,9,0.9,ok
3007,2572,-0.2015031198037637,5085.5126953125,4309.03662109375,-1,N2,off-food,10,1,ok
3007,2573,-0.154939893980284,5066.16748046875,4339.609375,-1,N2,off-food,11,1.1,ok
3007,2574,-0.17364369641553173,5067.7421875,4361.96923828125,-1,N2,off-food,12,1.2,ok
3007,2575,-0.20231976304612717,5078.58837890625,4377.1923828125,-1,N2,off-food,13,1.3,ok
3007,2576,-0.18526272802954322,5101.38671875,4408.38232421875,-1,N2,off-food,14,1.4,ok
3007,2577,-0.16240969147553314,5132.49755859375,4427.4736328125,-1,N2,off-food,15,1.5,ok
3007,2578,-0.1527281407536687,5160.85498046875,4427.4150390625,-1,N2,off-food,16,1.6,ok
3007,2579,-0.2005159980842659,5190.53857421875,4444.39599609375,-1,N2,off-food,17,1.7,ok
3007,2580,-0.17397327924848677,5221.7197265625,4465.30810546875,-1,N2,off-food,18,1.8,ok
3007,2581,-0.14468338342615075,5248.87158203125,4489.0302734375,-1,N2,off-food,19,1.9,ok
3007,2582,-0.11928486385860958,5257.88720703125,4511.333984375,-1,N2,off-food,20,2,ok
3007,2583,-0.11692419364860465,5256.99853515625,4528.99072265625,-1,N2,off-food,21,2.1,ok
3007,2584,-0.11757434535670924,5253.97119140625,4548.22314453125,-1,N2,off-food,22,2.2,ok
3007,2585,-0.14348228688283007,5243.68701171875,4566.056640625,-1,N2,off-food,23,2.3,ok
3007,2586,-0.18193291067862294,5225.16748046875,4578.63525390625,-1,N2,off-food,24,2.4,ok
3007,2587,-0.2156861023774018,5200.24755859375,4594.41748046875,-1,N2,off-food,25,2.5,ok
3007,2588,-0.23628754294455587,5160.681640625,4605.10791015625,-1,N2,off-food,26,2.6,ok
3007,2589,-0.20384813559592305,5123.15771484375,4616.0400390625,-1,N2,off-food,27,2.7,ok
3007,2590,-0.19594726823686479,5079.30322265625,4625.09814453125,-1,N2,off-food,28,2.8,ok
3007,2591,-0.15543311481647662,5056.00244140625,4633.88330078125,-1,N2,off-food,29,2.9,ok
3007,2592,-0.1423511151837873,5024.6484375,4648.60693359375,-1,N2,off-food,30,3,ok
3007,2593,-0.10755495789673951,5008.54931640625,4666.5078125,-1,N2,off-food,31,3.1,ok
3007,2594,-0.08990644857045765,4994.8779296875,4678.21435546875,-1,N2,off-food,32,3.2,ok
3007,2595,-0.11567014677030546,4992.87646484375,4699.36572265625,-1,N2,off-food,33,3.3,ok
3007,2596,-0.11881276448567707,5000.3408203125,4716.9677734375,-1,N2,off-food,34,3.4,ok
3007,2597,-0.1344978911253783,5014.6044921875,4737.4306640625,-1,N2,off-food,35,3.5,ok
3007,2598,-0.13196735581406602,5026.6474609375,4749.7412109375,-1,N2,off-food,36,3.6,ok
3007,2599,-0.15030869313832876,5046.4580078125,4764.0029296875,-1,N2,off-food,37,3.7,ok
3007,2600,-0.1417634078017226,5068.28369140625,4776.35009765625,-1,N2,off-food,38,3.8,ok
3007,2601,-0.14775382280779314,5092.45068359375,4789.0576171875,-1,N2,off-food,39,3.9,ok
3007,2602,-0.1245122393358935,5111.2236328125,4799.4296875,-1,N2,off-food,40,4,ok
3007,2603,-0.07231947684073232,5132.56689453125,4811.48681640625,-1,N2,off-food,41,4.1,ok
3007,2604,-0.025439417400875606,5145.60546875,4818.8916015625,-1,N2,off-food,42,4.2,ok
3007,2605,0.018724500535844683,5141.00390625,4816.89404296875,0,N2,off-food,43,4.3,ok
3007,2606,NA,NA,NA,0,N2,off-food,44,4.4,ok
3007,2607,NA,NA,NA,0,N2,off-food,45,4.5,ok
3007,2608,NA,NA,NA,0,N2,off-food,46,4.6,ok
3007,2609,NA,NA,NA,0,N2,off-food,47,4.7,ok
3007,2610,NA,NA,NA,0,N2,off-food,48,4.8,ok
3007,2611,NA,NA,NA,NaN,N2,off-food,49,4.9,ok
3007,2612,NA,NA,NA,NaN,N2,off-food,50,5,ok
3007,2613,NA,NA,NA,NaN,N2,off-food,51,5.1,ok
3007,2614,NA,NA,NA,NaN,N2,off-food,52,5.2,ok
3007,2615,NA,NA,NA,NaN,N2,off-food,53,5.3,ok
3007,2616,NA,NA,NA,NaN,N2,off-food,54,5.4,ok
3007,2617,NA,NA,NA,NaN,N2,off-food,55,5.5,ok
3007,2618,NA,NA,NA,NaN,N2,off-food,56,5.6,ok
3007,2619,NA,NA,NA,NaN,N2,off-food,57,5.7,ok
3007,2620,NA,NA,NA,NaN,N2,off-food,58,5.8,ok
3007,2621,NA,NA,NA,NaN,N2,off-food,59,5.9,ok
3007,2622,NA,NA,NA,NaN,N2,off-food,60,6,ok
3007,2623,NA,NA,NA,NaN,N2,off-food,61,6.1,ok
3007,2624,NA,NA,NA,NaN,N2,off-food,62,6.2,ok
3007,2625,NA,NA,NA,NaN,N2,off-food,63,6.3,ok
3007,2626,NA,NA,NA,NaN,N2,off-food,64,6.4,ok
3007,2627,NA,NA,NA,NaN,N2,off-food,65,6.5,ok
3007,2628,NA,NA,NA,NaN,N2,off-food,66,6.6,ok
3007,2629,NA,NA,NA,NaN,N2,off-food,67,6.7,ok
3007,2630,NA,NA,NA,NaN,N2,off-food,68,6.8,ok
3007,2631,NA,NA,NA,NaN,N2,off-food,69,6.9,ok
3007,2632,NA,NA,NA,NaN,N2,off-food,70,7,ok
3007,2633,NA,NA,NA,NaN,N2,off-food,71,7.1,ok
3007,2634,NA,NA,NA,NaN,N2,off-food,72,7.2,ok
3007,2635,NA,NA,NA,NaN,N2,off-food,73,7.3,ok
3007,2636,NA,NA,NA,NaN,N2,off-food,74,7.4,ok
3007,2637,NA,NA,NA,NaN,N2,off-food,75,7.5,ok
3007,2638,NA,NA,NA,NaN,N2,off-food,76,7.6,ok
3007,2639,NA,NA,NA,NaN,N2,off-food,77,7.7,ok
3007,2640,NA,NA,NA,NaN,N2,off-food,78,7.8,ok
3007,2641,NA,NA,NA,NaN,N2,off-food,79,7.9,ok
3007,2642,NA,NA,NA,NaN,N2,off-food,80,8,ok
3007,2643,NA,NA,NA,NaN,N2,off-food,81,8.1,ok
3007,2644,NA,NA,NA,NaN,N2,off-food,82,8.2,ok
3007,2645,NA,NA,NA,NaN,N2,off-food,83,8.3,ok
3007,2646,NA,NA,NA,NaN,N2,off-food,84,8.4,ok
3007,2647,NA,NA,NA,NaN,N2,off-food,85,8.5,ok
3007,2648,NA,NA,NA,NaN,N2,off-food,86,8.6,ok
3007,2649,NA,NA,NA,NaN,N2,off-food,87,8.7,ok
3007,2650,NA,NA,NA,NaN,N2,off-food,88,8.8,ok
3007,2651,NA,NA,NA,NaN,N2,off-food,89,8.9,ok
3007,2652,NA,NA,NA,NaN,N2,off-food,90,9,ok
3007,2653,NA,NA,NA,1,N2,off-food,91,9.1,ok
3007,2654,NA,NA,NA,1,N2,off-food,92,9.2,ok
3007,2655,NA,NA,NA,1,N2,off-food,93,9.3,ok
3007,2656,NA,NA,NA,1,N2,off-food,94,9.4,ok
3007,2657,NA,NA,NA,1,N2,off-food,95,9.5,ok
3007,2658,0.09239647440867381,5222.0341796875,4818.54736328125,1,N2,off-food,96,9.6,ok
3007,2659,0.1425897983860325,5232.0068359375,4824.7705078125,1,N2,off-food,97,9.7,ok
3007,2660,0.15687542807089314,5248.5517578125,4833.74365234375,1,N2,off-food,98,9.8,ok
3007,2661,0.15572928200111733,5270.38671875,4839.5849609375,1,N2,off-food,99,9.9,ok
3007,2662,0.13662717197177646,5286.04052734375,4847.6708984375,1,N2,off-food,100,10,ok
3007,2663,0.14087967991184544,5304.4892578125,4856.076171875,1,N2,off-food,101,10.1,ok
3007,2664,0.12357629449517876,5315.80908203125,4860.99365234375,1,N2,off-food,102,10.2,ok
3007,2665,0.12986437012268615,5333.36083984375,4869.939453125,1,N2,off-food,103,10.3,ok
3007,2666,0.11069524211711711,5343.94677734375,4875.29833984375,1,N2,off-food,104,10.4,ok
3007,2667,0.11820440233935106,5354.23876953125,4883.25927734375,1,N2,off-food,105,10.5,ok
3007,2668,0.13444423407477302,5363.1162109375,4889.693359375,1,N2,off-food,106,10.6,ok
3007,2669,0.14529021213290927,5372.439453125,4899.9677734375,1,N2,off-food,107,10.7,ok
3007,2670,0.1484560847926784,5383.83251953125,4915.11328125,1,N2,off-food,108,10.8,ok
3007,2671,0.14536704412236942,5392.4248046875,4927.765625,1,N2,off-food,109,10.9,ok
3007,2672,0.154240365518106,5399.99462890625,4942.076171875,1,N2,off-food,110,11,ok
3007,2673,0.14564260987977723,5408.4912109375,4959.55078125,1,N2,off-food,111,11.1,ok
3007,2674,0.16313422166978989,5414.10791015625,4980.400390625,1,N2,off-food,112,11.2,ok
3007,2675,0.1439785612639006,5419.0283203125,4994.16552734375,1,N2,off-food,113,11.3,ok
3007,2676,0.14987054278399492,5427.541015625,5021.28564453125,1,N2,off-food,114,11.4,ok
3007,2677,0.14069484043980504,5430.021484375,5035.623046875,1,N2,off-food,115,11.5,ok
3007,2678,0.1578573894328899,5435.2841796875,5050.6640625,1,N2,off-food,116,11.6,ok
3007,2679,0.16498581661189998,5441.44921875,5074.5068359375,1,N2,off-food,117,11.7,ok
3007,2680,0.15627890674487963,5449.3740234375,5090.74462890625,1,N2,off-food,118,11.8,ok
3007,2681,0.1753859504493507,5458.84130859375,5103.873046875,1,N2,off-food,119,11.9,ok
3007,2682,0.17361053411810246,5469.798828125,5117.9970703125,1,N2,off-food,120,12,ok
3007,2683,0.13243992188599732,5485.0927734375,5135.3212890625,1,N2,off-food,121,12.1,ok
3007,2684,0.07197419958716039,5498.267578125,5146.20703125,1,N2,off-food,122,12.2,ok
3007,2685,0.05591193348652607,5501.70947265625,5148.1474609375,1,N2,off-food,123,12.3,ok
3007,2686,0.07783528563353392,5506.66015625,5149.89697265625,1,N2,off-food,124,12.4,ok
3007,2687,0.10910313848547033,5516.2119140625,5157.345703125,1,N2,off-food,125,12.5,ok
3007,2688,0.11791696909311655,5524.5009765625,5164.923828125,1,N2,off-food,126,12.6,ok
3007,2689,0.11529290730244404,5537.5,5174.13232421875,1,N2,off-food,127,12.7,ok
3007,2690,0.09311565089870143,5548.9140625,5183.86181640625,1,N2,off-food,128,12.8,ok
3007,2691,0.09829326292845579,5560.66357421875,5189.73486328125,1,N2,off-food,129,12.9,ok
3007,2692,0.11895617442088083,5567.44482421875,5193.50537109375,1,N2,off-food,130,13,ok
3007,2693,NA,5581.240234375,5203.08935546875,1,N2,off-food,131,13.1,ok
3007,2694,NA,5598.5478515625,5213.73193359375,1,N2,off-food,132,13.2,ok
